Protein Name,Replicate Name,Precursor Ion Name,Retention Time,Area,Background,Height,Mass Error PPM,Protein
molecules1,200723_Std_250nMStdinH2O_5uL-1,DMB,2.93,222931376,3281369,50653832,-3.3,molecules1
molecules1,200723_Std_250nMStdinH2O_5uL-2,DMB,2.93,242026544,3210536,55293788,-1.9,molecules1
molecules1,200723_Std_250nMStdsInH20_10uL-1,DMB,2.93,467197120,7416136,108229256,-3.2,molecules1
molecules1,200723_Std_250nMStdinH2O_10uL-2,DMB,2.94,473036992,5572408,107974008,-2.1,molecules1
molecules1,200723_Std_250nMStdinAqMatrix_5uL-1,DMB,2.92,181538896,1983558,45873280,-3.4,molecules1
molecules1,200723_Std_250nMStdinAqMatrix_5uL-2,DMB,2.93,303822432,5566127,81449344,-1.7,molecules1
molecules1,200723_Std_250nMStdsInAqMatrix_10uL-1,DMB,2.92,524321408,8789739,145217536,-3.1,molecules1
molecules1,200723_Std_250nMStdinAqMatrix_10uL-2,DMB,2.93,580762624,5136925,154313744,-2.3,molecules1
molecules1,200723_Std_H2OinAqMatrix_5uL-1,DMB,2.91,106919,194960,33590,-2.9,molecules1
molecules1,200723_Std_H2OinAqMatrix_5uL-2,DMB,2.96,51788,75501,19224,-2.1,molecules1
molecules1,200723_Std_H2OinAqMatrix_10uL-1,DMB,2.91,89400,92347,32191,-2.9,molecules1
molecules1,200723_Std_H2OinAqMatrix_10uL-2,DMB,2.93,150921,78378,41254,-2,molecules1
molecules1,200722_Smp_CultureMED4_1,DMB,2.92,6126578,399219,1334904,-2.8,molecules1
molecules1,200722_Smp_CultureMED4_2,DMB,2.94,5741361,412641,1221243,-2.6,molecules1
molecules1,200723_Blk_ProcessBlk_1,DMB,2.88,20150,40407,8511,-3.2,molecules1
molecules1,200723_Blk_ProcessBlk_2,DMB,2.89,12890,60110,7175,-2.4,molecules1
molecules1,200723_Blk_ProcessBlk_3,DMB,2.83,29175,40636,21825,-3.1,molecules1
molecules1,200723_Poo_TruePoo_Full1,DMB,2.94,297382,162010,81510,-2.7,molecules1
molecules1,200723_Poo_TruePoo_Full2,DMB,2.94,271829,134842,71778,-2.8,molecules1
molecules1,200723_Poo_TruePoo_Full3,DMB,2.94,376959,259435,103927,-2.3,molecules1
molecules1,200723_Poo_TruePoo_Full4,DMB,2.95,271833,96910,80176,-1.4,molecules1
molecules1,200723_Poo_TruePoo_Half1,DMB,2.95,136790,131605,40578,-2.7,molecules1
molecules1,200723_Poo_TruePoo_Half2,DMB,2.94,137395,112883,36419,-3.2,molecules1
molecules1,200723_Poo_TruePoo_Half3,DMB,2.95,171861,184635,42017,-2.4,molecules1
molecules1,200723_Poo_TruePoo_Half4,DMB,2.93,156466,80266,38702,-1.9,molecules1
molecules1,200723_Smp_DSW700m_1,DMB,2.96,40933,51792,14461,-1.6,molecules1
molecules1,200723_Smp_DSW700m_2,DMB,2.97,73298,77845,20498,-1.8,molecules1
molecules1,200723_Smp_DSW700m_3,DMB,2.94,43620,70839,12414,-1.7,molecules1
molecules1,200723_Smp_DSW700m-IL2_1,DMB,2.95,117494,254058,32209,-1.8,molecules1
molecules1,200723_Smp_DSW700m-IL2_2,DMB,2.99,54466,137365,16946,-2.1,molecules1
molecules1,200723_Smp_DSW700m-IL2_3,DMB,2.94,79309,207304,19133,-1.9,molecules1
molecules1,200723_Smp_IL1Control_1,DMB,2.95,49685,123355,15209,-2.7,molecules1
molecules1,200723_Smp_IL1Control_2,DMB,2.91,8433,86675,7966,-2.8,molecules1
molecules1,200723_Smp_IL1Control_3,DMB,2.93,66846,94655,13524,-2.9,molecules1
molecules1,200723_Smp_IL1Control5um_1,DMB,2.94,72359,114520,16326,-2.8,molecules1
molecules1,200723_Smp_IL1Control5um_2,DMB,2.97,36413,124999,10206,-2.4,molecules1
molecules1,200723_Smp_IL1Control5um_3,DMB,2.94,74548,86486,31168,-2.1,molecules1
molecules1,200723_Smp_IL1DMB_1,DMB,2.94,404344,122552,114894,-3,molecules1
molecules1,200723_Smp_IL1DMB_2,DMB,2.94,347992,124671,94896,-2.4,molecules1
molecules1,200723_Smp_IL1DMB_3,DMB,2.94,511621,156793,139882,-2.8,molecules1
molecules1,200723_Smp_IL1DMB5um_1,DMB,2.93,1841482,237323,496367,-2,molecules1
molecules1,200723_Smp_IL1DMB5um_2,DMB,2.93,1560516,384013,410221,-2,molecules1
molecules1,200723_Smp_IL1DMB5um_3,DMB,2.94,1213664,234032,377147,-2.7,molecules1
molecules1,200723_Smp_IL1DMBnoBT_1,DMB,2.94,365674,144676,102546,-2.4,molecules1
molecules1,200723_Smp_IL1DMBnoBT_2,DMB,2.93,376452,183313,103410,-2.4,molecules1
molecules1,200723_Smp_IL1DMBnoBT5um_1,DMB,2.94,1802491,306454,462594,-1.7,molecules1
molecules1,200723_Smp_IL1DMBnoBT5um_2,DMB,2.93,1397766,300155,368422,-2.1,molecules1
molecules1,200723_Smp_IL1DMBnoBT5um_3,DMB,2.93,1402478,341152,382560,-2.5,molecules1
molecules1,200723_Smp_IL1DSW_1,DMB,2.94,54561,54887,13197,-2.4,molecules1
molecules1,200723_Smp_IL1DSW_2,DMB,2.86,36733,41057,12187,-3,molecules1
molecules1,200723_Smp_IL1DSW_3,DMB,2.94,18446,57135,10037,-3,molecules1
molecules1,200723_Smp_IL1DSW5um_1,DMB,2.93,75709,126321,23028,-2.1,molecules1
molecules1,200723_Smp_IL1DSW5um_2,DMB,2.94,66505,110404,24656,-2.2,molecules1
molecules1,200723_Smp_IL1DSW5um_3,DMB,2.95,112811,76676,26370,-2.5,molecules1
molecules1,200723_Smp_IL1noBT_1,DMB,2.93,3693,40065,4326,-3,molecules1
molecules1,200723_Smp_IL1noBT_2,DMB,2.85,16910,47716,10566,-3.1,molecules1
molecules1,200723_Smp_IL1noBT_3,DMB,2.94,32456,38639,15159,-2.4,molecules1
molecules1,200723_Smp_IL1noBT5um_1,DMB,2.93,153914,137922,45101,-1.9,molecules1
molecules1,200723_Smp_IL1noBT5um_2,DMB,2.92,91499,110301,16638,-2.2,molecules1
molecules1,200723_Smp_IL1noBT5um_3,DMB,2.94,32873,206699,13881,-2.2,molecules1
molecules1,200723_Smp_IL1WBT_1,DMB,2.94,61181,103953,18310,-2.8,molecules1
molecules1,200723_Smp_IL1WBT_2,DMB,2.94,134462,121512,30876,-2.3,molecules1
molecules1,200723_Smp_IL1WBT_3,DMB,2.93,181356,87001,45601,-2.6,molecules1
molecules1,200723_Smp_IL1WBT5um_1,DMB,2.93,147968,112565,38234,-2.9,molecules1
molecules1,200723_Smp_IL1WBT5um_1_2nd-Inj_35uL,DMB,2.94,93743,219753,39538,-3,molecules1
molecules1,200723_Smp_IL1WBT5um_2,DMB,2.94,89024,244317,24815,-1.7,molecules1
molecules1,200723_Smp_IL1WBT5um_3,DMB,2.94,96625,152915,26072,-2.5,molecules1
molecules1,200723_Smp_IL1T0_1,DMB,2.92,41671,133056,11387,-2.5,molecules1
molecules1,200723_Smp_IL1T0_2,DMB,3.01,36889,172612,12003,-2.9,molecules1
molecules1,200723_Smp_IL1T0_3,DMB,2.94,55529,92614,19242,-2.6,molecules1
molecules1,200723_Smp_IL1T05um_1,DMB,2.96,49661,230582,25074,-2.1,molecules1
molecules1,200723_Smp_IL1T05um_2,DMB,2.94,80014,67787,21555,-2.5,molecules1
molecules1,200723_Smp_IL1T05um_3,DMB,2.94,72497,147644,18689,-2,molecules1
molecules1,200723_Smp_IL2Control_1,DMB,2.81,11788,102793,6033,-2.3,molecules1
molecules1,200723_Smp_IL2Control_2,DMB,2.96,65747,179686,17099,-2.7,molecules1
molecules1,200723_Smp_IL2Control_3,DMB,2.95,76028,111020,14081,-2.2,molecules1
molecules1,200723_Smp_IL2Control5um_1,DMB,2.95,27157,67285,10153,-2.1,molecules1
molecules1,200723_Smp_IL2Control5um_2,DMB,2.97,66448,64416,16937,-1.9,molecules1
molecules1,200723_Smp_IL2Control5um_3,DMB,2.96,68527,106003,21740,-2.1,molecules1
molecules1,200723_Smp_IL2DMB_1,DMB,2.94,1106214,158140,290734,-2.4,molecules1
molecules1,200723_Smp_IL2DMB_2,DMB,2.95,1207835,156306,320218,-2.2,molecules1
molecules1,200723_Smp_IL2DMB_3,DMB,2.94,1030934,158667,267753,-2,molecules1
molecules1,200723_Smp_IL2DMB5um_1,DMB,2.95,1234573,133976,320250,-2,molecules1
molecules1,200723_Smp_IL2DMB5um_2,DMB,2.94,1122660,152466,303189,-1.8,molecules1
molecules1,200723_Smp_IL2DMB5um_3,DMB,2.94,1264507,110385,360278,-2.1,molecules1
molecules1,200723_Smp_IL2DMBnoBT_1,DMB,2.94,836668,106736,221273,-1.8,molecules1
molecules1,200723_Smp_IL2DMBnoBT_2,DMB,2.94,821524,123615,224481,-2,molecules1
molecules1,200723_Smp_IL2DMBnoBT_3,DMB,2.95,1332381,188404,342303,-1.9,molecules1
molecules1,200723_Smp_IL2DMBnoBT5um_1,DMB,2.95,815812,89767,218410,-1.8,molecules1
molecules1,200723_Smp_IL2DMBnoBT5um_2,DMB,2.94,1181190,132525,324175,-1.9,molecules1
molecules1,200723_Smp_IL2DMBnoBT5um_3,DMB,2.94,1323542,124409,356848,-1.9,molecules1
molecules1,200723_Smp_IL2DSW_1,DMB,2.95,93110,100839,17700,-1.6,molecules1
molecules1,200723_Smp_IL2DSW_2,DMB,2.96,27355,109300,8242,-1.7,molecules1
molecules1,200723_Smp_IL2DSW_3,DMB,2.94,74557,96663,20410,-2.2,molecules1
molecules1,200723_Smp_IL2DSW5um_1,DMB,2.93,74238,81060,20773,-2,molecules1
molecules1,200723_Smp_IL2DSW5um_2,DMB,2.94,79701,75816,25723,-2.1,molecules1
molecules1,200723_Smp_IL2DSW5um_3,DMB,2.94,35868,36734,18236,-2.1,molecules1
molecules1,200723_Smp_IL2noBT_1,DMB,2.95,18481,100126,8539,-2.3,molecules1
molecules1,200723_Smp_IL2noBT_2,DMB,2.84,25088,47770,8770,-1.9,molecules1
molecules1,200723_Smp_IL2noBT_3,DMB,2.84,18085,42097,7007,-2,molecules1
molecules1,200723_Smp_IL2noBT5um_1,DMB,2.95,52831,83134,14382,-2,molecules1
molecules1,200723_Smp_IL2noBT5um_2,DMB,2.96,49223,38883,18972,-2.1,molecules1
molecules1,200723_Smp_IL2noBT5um_3,DMB,2.94,70452,91098,15751,-1.9,molecules1
molecules1,200723_Smp_IL2WBT_1,DMB,2.97,21782,49188,13388,-2.8,molecules1
molecules1,200723_Smp_IL2WBT_2,DMB,2.94,53705,73368,15245,-2.1,molecules1
molecules1,200723_Smp_IL2WBT_3,DMB,2.95,32103,130602,18146,-2,molecules1
molecules1,200723_Smp_IL2WBT5um_1,DMB,2.93,143480,64376,25026,-1.9,molecules1
molecules1,200723_Smp_IL2WBT5um_2,DMB,2.94,89397,87568,27884,-1.8,molecules1
molecules1,200723_Smp_IL2WBT5um_3,DMB,2.94,67656,64321,22484,-1.9,molecules1
molecules1,200723_Smp_IL2T0_1,DMB,2.95,63300,86649,17427,-1.7,molecules1
molecules1,200723_Smp_IL2T0_2,DMB,2.94,13965,85379,7720,-2.8,molecules1
molecules1,200723_Smp_IL2T0_3,DMB,2.94,28769,67040,14082,-1.7,molecules1
molecules1,200723_Smp_IL2T05um_1,DMB,2.87,10279,25282,12281,-1.9,molecules1
molecules1,200723_Smp_IL2T05um_2,DMB,2.97,53131,69191,15203,-2,molecules1
molecules1,200723_Smp_IL2T05um_3,DMB,2.94,63746,65760,14479,-1.7,molecules1
molecules1,200723_Std_250nMStdinH2O_5uL-1,B2,3.61,2973492,45361,1004536,0.3,molecules1
molecules1,200723_Std_250nMStdinH2O_5uL-2,B2,3.61,3859191,24837,1316638,0.6,molecules1
molecules1,200723_Std_250nMStdsInH20_10uL-1,B2,3.61,6355494,65341,2156126,0.3,molecules1
molecules1,200723_Std_250nMStdinH2O_10uL-2,B2,3.62,7966010,111778,2782967,1,molecules1
molecules1,200723_Std_250nMStdinAqMatrix_5uL-1,B2,3.62,1969259,19797,683565,0.1,molecules1
molecules1,200723_Std_250nMStdinAqMatrix_5uL-2,B2,3.61,3862893,39003,1390813,1.1,molecules1
molecules1,200723_Std_250nMStdsInAqMatrix_10uL-1,B2,3.62,5459095,38197,1965013,-0.2,molecules1
molecules1,200723_Std_250nMStdinAqMatrix_10uL-2,B2,3.63,7330208,74248,2676314,0.9,molecules1
molecules1,200723_Std_H2OinAqMatrix_5uL-1,B2,3.61,16349,0,6811,0.2,molecules1
molecules1,200723_Std_H2OinAqMatrix_5uL-2,B2,3.62,21222,0,6949,0.5,molecules1
molecules1,200723_Std_H2OinAqMatrix_10uL-1,B2,3.6,32797,0,14394,-0.8,molecules1
molecules1,200723_Std_H2OinAqMatrix_10uL-2,B2,3.61,40940,0,18713,0.6,molecules1
molecules1,200722_Smp_CultureMED4_1,B2,3.62,54049,0,24951,-0.2,molecules1
molecules1,200722_Smp_CultureMED4_2,B2,3.62,52504,0,22394,0.2,molecules1
molecules1,200723_Blk_ProcessBlk_1,B2,3.59,0,0,0,#N/A,molecules1
molecules1,200723_Blk_ProcessBlk_2,B2,3.58,0,0,0,#N/A,molecules1
molecules1,200723_Blk_ProcessBlk_3,B2,3.57,0,0,0,#N/A,molecules1
molecules1,200723_Poo_TruePoo_Full1,B2,3.62,121678,0,45421,-0.5,molecules1
molecules1,200723_Poo_TruePoo_Full2,B2,3.62,112764,1213,41468,-0.7,molecules1
molecules1,200723_Poo_TruePoo_Full3,B2,3.61,142554,0,55424,0.2,molecules1
molecules1,200723_Poo_TruePoo_Full4,B2,3.61,129736,0,52694,0.9,molecules1
molecules1,200723_Poo_TruePoo_Half1,B2,3.63,50795,0,21069,-0.7,molecules1
molecules1,200723_Poo_TruePoo_Half2,B2,3.61,60583,0,24591,-1.1,molecules1
molecules1,200723_Poo_TruePoo_Half3,B2,3.6,60500,0,22469,0.1,molecules1
molecules1,200723_Poo_TruePoo_Half4,B2,3.63,65617,0,27063,0.6,molecules1
molecules1,200723_Smp_DSW700m_1,B2,3.61,5067,0,3361,0.9,molecules1
molecules1,200723_Smp_DSW700m_2,B2,3.62,30961,0,12091,0.8,molecules1
molecules1,200723_Smp_DSW700m_3,B2,3.61,14321,0,6419,-0.2,molecules1
molecules1,200723_Smp_DSW700m-IL2_1,B2,3.63,5384,0,3668,0.6,molecules1
molecules1,200723_Smp_DSW700m-IL2_2,B2,3.62,8847,0,5297,-0.1,molecules1
molecules1,200723_Smp_DSW700m-IL2_3,B2,3.63,3806,0,4003,0.6,molecules1
molecules1,200723_Smp_IL1Control_1,B2,3.63,9469,0,3971,-0.7,molecules1
molecules1,200723_Smp_IL1Control_2,B2,3.6,21160,0,7322,-0.4,molecules1
molecules1,200723_Smp_IL1Control_3,B2,3.61,18265,0,7707,-0.6,molecules1
molecules1,200723_Smp_IL1Control5um_1,B2,3.62,247353,0,100020,-0.8,molecules1
molecules1,200723_Smp_IL1Control5um_2,B2,3.62,123451,0,49259,0.1,molecules1
molecules1,200723_Smp_IL1Control5um_3,B2,3.62,879753,10963,341454,1,molecules1
molecules1,200723_Smp_IL1DMB_1,B2,3.6,8285,0,3688,-0.9,molecules1
molecules1,200723_Smp_IL1DMB_2,B2,3.61,15712,0,5606,0,molecules1
molecules1,200723_Smp_IL1DMB_3,B2,3.61,24125,0,11558,-0.4,molecules1
molecules1,200723_Smp_IL1DMB5um_1,B2,3.61,534554,2879,201513,0.8,molecules1
molecules1,200723_Smp_IL1DMB5um_2,B2,3.61,173648,0,63499,-0.4,molecules1
molecules1,200723_Smp_IL1DMB5um_3,B2,3.61,209018,0,80331,0.1,molecules1
molecules1,200723_Smp_IL1DMBnoBT_1,B2,3.61,33160,0,13713,0.4,molecules1
molecules1,200723_Smp_IL1DMBnoBT_2,B2,3.61,46800,0,20214,0.1,molecules1
molecules1,200723_Smp_IL1DMBnoBT5um_1,B2,3.62,324271,3210,123432,-0.3,molecules1
molecules1,200723_Smp_IL1DMBnoBT5um_2,B2,3.61,294626,350,105195,0.8,molecules1
molecules1,200723_Smp_IL1DMBnoBT5um_3,B2,3.62,388299,2173,138053,0.5,molecules1
molecules1,200723_Smp_IL1DSW_1,B2,3.61,36989,0,13383,-0.2,molecules1
molecules1,200723_Smp_IL1DSW_2,B2,3.61,41843,0,15817,-0.9,molecules1
molecules1,200723_Smp_IL1DSW_3,B2,3.61,41868,0,18872,-0.9,molecules1
molecules1,200723_Smp_IL1DSW5um_1,B2,3.61,554193,3510,206028,0.4,molecules1
molecules1,200723_Smp_IL1DSW5um_2,B2,3.61,464749,0,174592,0.5,molecules1
molecules1,200723_Smp_IL1DSW5um_3,B2,3.61,645952,4422,242096,0.1,molecules1
molecules1,200723_Smp_IL1noBT_1,B2,3.62,40374,0,16982,-0.8,molecules1
molecules1,200723_Smp_IL1noBT_2,B2,3.61,38168,0,16004,-0.7,molecules1
molecules1,200723_Smp_IL1noBT_3,B2,3.61,58224,0,23241,0,molecules1
molecules1,200723_Smp_IL1noBT5um_1,B2,3.61,258603,2132,97864,0.9,molecules1
molecules1,200723_Smp_IL1noBT5um_2,B2,3.61,251897,0,100117,0.2,molecules1
molecules1,200723_Smp_IL1noBT5um_3,B2,3.61,1005571,8420,384330,0.6,molecules1
molecules1,200723_Smp_IL1WBT_1,B2,3.62,13356,0,5141,-1.1,molecules1
molecules1,200723_Smp_IL1WBT_2,B2,3.61,37543,0,15273,0.5,molecules1
molecules1,200723_Smp_IL1WBT_3,B2,3.62,58537,0,21600,-0.3,molecules1
molecules1,200723_Smp_IL1WBT5um_1,B2,3.61,94224,0,34402,-0.7,molecules1
molecules1,200723_Smp_IL1WBT5um_1_2nd-Inj_35uL,B2,3.62,93019,0,35486,-0.6,molecules1
molecules1,200723_Smp_IL1WBT5um_2,B2,3.61,137926,707,61419,-0.2,molecules1
molecules1,200723_Smp_IL1WBT5um_3,B2,3.61,142671,0,54280,-0.1,molecules1
molecules1,200723_Smp_IL1T0_1,B2,3.62,18303,0,7911,0.1,molecules1
molecules1,200723_Smp_IL1T0_2,B2,3.61,12694,0,4600,-0.2,molecules1
molecules1,200723_Smp_IL1T0_3,B2,3.61,24069,0,9437,0.1,molecules1
molecules1,200723_Smp_IL1T05um_1,B2,3.61,24174,0,9790,-0.1,molecules1
molecules1,200723_Smp_IL1T05um_2,B2,3.61,26279,0,11429,0.1,molecules1
molecules1,200723_Smp_IL1T05um_3,B2,3.61,37485,0,16383,0.4,molecules1
molecules1,200723_Smp_IL2Control_1,B2,3.63,22519,0,9105,-0.7,molecules1
molecules1,200723_Smp_IL2Control_2,B2,3.63,28744,0,11080,-0.2,molecules1
molecules1,200723_Smp_IL2Control_3,B2,3.63,42884,0,17286,0.3,molecules1
molecules1,200723_Smp_IL2Control5um_1,B2,3.62,206794,0,79621,0.5,molecules1
molecules1,200723_Smp_IL2Control5um_2,B2,3.63,257951,0,93892,0.4,molecules1
molecules1,200723_Smp_IL2Control5um_3,B2,3.63,222294,0,81779,0,molecules1
molecules1,200723_Smp_IL2DMB_1,B2,3.62,18125,0,6647,0.1,molecules1
molecules1,200723_Smp_IL2DMB_2,B2,3.61,39991,0,15168,0.9,molecules1
molecules1,200723_Smp_IL2DMB_3,B2,3.61,23249,0,9327,0.3,molecules1
molecules1,200723_Smp_IL2DMB5um_1,B2,3.62,122909,0,45993,0.3,molecules1
molecules1,200723_Smp_IL2DMB5um_2,B2,3.63,249957,0,90625,0.8,molecules1
molecules1,200723_Smp_IL2DMB5um_3,B2,3.62,169261,0,66986,0.4,molecules1
molecules1,200723_Smp_IL2DMBnoBT_1,B2,3.63,57455,0,24498,0.9,molecules1
molecules1,200723_Smp_IL2DMBnoBT_2,B2,3.63,45809,0,17863,0.7,molecules1
molecules1,200723_Smp_IL2DMBnoBT_3,B2,3.63,39772,0,15001,1,molecules1
molecules1,200723_Smp_IL2DMBnoBT5um_1,B2,3.62,135752,0,54909,0.8,molecules1
molecules1,200723_Smp_IL2DMBnoBT5um_2,B2,3.62,133488,0,50155,0.7,molecules1
molecules1,200723_Smp_IL2DMBnoBT5um_3,B2,3.62,220826,1278,92419,0.9,molecules1
molecules1,200723_Smp_IL2DSW_1,B2,3.62,23745,0,12667,1.2,molecules1
molecules1,200723_Smp_IL2DSW_2,B2,3.62,107721,0,39788,-0.3,molecules1
molecules1,200723_Smp_IL2DSW_3,B2,3.61,97300,0,39086,-0.3,molecules1
molecules1,200723_Smp_IL2DSW5um_1,B2,3.62,299788,1853,112888,0.9,molecules1
molecules1,200723_Smp_IL2DSW5um_2,B2,3.62,750174,9324,277750,0.7,molecules1
molecules1,200723_Smp_IL2DSW5um_3,B2,3.63,792825,9550,296632,0.5,molecules1
molecules1,200723_Smp_IL2noBT_1,B2,3.63,31432,0,12605,-0.6,molecules1
molecules1,200723_Smp_IL2noBT_2,B2,3.62,52947,0,20067,-0.5,molecules1
molecules1,200723_Smp_IL2noBT_3,B2,3.62,42457,0,18642,0.9,molecules1
molecules1,200723_Smp_IL2noBT5um_1,B2,3.63,115053,0,43996,0.5,molecules1
molecules1,200723_Smp_IL2noBT5um_2,B2,3.63,243131,2028,94361,0.3,molecules1
molecules1,200723_Smp_IL2noBT5um_3,B2,3.62,463053,0,179827,0.8,molecules1
molecules1,200723_Smp_IL2WBT_1,B2,3.62,17014,0,7322,0,molecules1
molecules1,200723_Smp_IL2WBT_2,B2,3.63,21922,0,11149,0.5,molecules1
molecules1,200723_Smp_IL2WBT_3,B2,3.63,38803,0,17872,0.2,molecules1
molecules1,200723_Smp_IL2WBT5um_1,B2,3.62,130869,0,44520,0.3,molecules1
molecules1,200723_Smp_IL2WBT5um_2,B2,3.62,124595,0,47690,1,molecules1
molecules1,200723_Smp_IL2WBT5um_3,B2,3.61,191657,0,69877,0.5,molecules1
molecules1,200723_Smp_IL2T0_1,B2,3.62,15677,0,6380,0.9,molecules1
molecules1,200723_Smp_IL2T0_2,B2,3.62,9589,0,5558,-1.1,molecules1
molecules1,200723_Smp_IL2T0_3,B2,3.63,8975,0,4234,0.7,molecules1
molecules1,200723_Smp_IL2T05um_1,B2,3.62,37482,0,16436,0.5,molecules1
molecules1,200723_Smp_IL2T05um_2,B2,3.63,42916,0,15528,0.2,molecules1
molecules1,200723_Smp_IL2T05um_3,B2,3.63,38634,0,13126,0.5,molecules1
molecules1,200723_Std_250nMStdinH2O_5uL-1,B2-IS,3.61,2870,0,2436,1.4,molecules1
molecules1,200723_Std_250nMStdinH2O_5uL-2,B2-IS,3.63,0,0,0,#N/A,molecules1
molecules1,200723_Std_250nMStdsInH20_10uL-1,B2-IS,3.62,6043,0,3394,1.7,molecules1
molecules1,200723_Std_250nMStdinH2O_10uL-2,B2-IS,3.68,0,0,0,#N/A,molecules1
molecules1,200723_Std_250nMStdinAqMatrix_5uL-1,B2-IS,3.61,629265,0,216286,0.2,molecules1
molecules1,200723_Std_250nMStdinAqMatrix_5uL-2,B2-IS,3.61,748610,6542,260938,1.5,molecules1
molecules1,200723_Std_250nMStdsInAqMatrix_10uL-1,B2-IS,3.61,1228965,0,467853,0.1,molecules1
molecules1,200723_Std_250nMStdinAqMatrix_10uL-2,B2-IS,3.62,1404034,11721,512592,1.4,molecules1
molecules1,200723_Std_H2OinAqMatrix_5uL-1,B2-IS,3.61,593943,820,195221,0.3,molecules1
molecules1,200723_Std_H2OinAqMatrix_5uL-2,B2-IS,3.61,645031,0,221720,1.4,molecules1
molecules1,200723_Std_H2OinAqMatrix_10uL-1,B2-IS,3.6,1144616,4356,387875,0.7,molecules1
molecules1,200723_Std_H2OinAqMatrix_10uL-2,B2-IS,3.61,1260350,21754,456361,1.5,molecules1
molecules1,200722_Smp_CultureMED4_1,B2-IS,3.62,9287337,134640,3707674,0.2,molecules1
molecules1,200722_Smp_CultureMED4_2,B2-IS,3.62,9328443,110376,3654363,0.4,molecules1
molecules1,200723_Blk_ProcessBlk_1,B2-IS,3.61,1824159,12350,608566,1,molecules1
molecules1,200723_Blk_ProcessBlk_2,B2-IS,3.61,957370,0,316614,0.9,molecules1
molecules1,200723_Blk_ProcessBlk_3,B2-IS,3.6,407542,4963,136259,1,molecules1
molecules1,200723_Poo_TruePoo_Full1,B2-IS,3.62,7221395,87337,2712417,0.1,molecules1
molecules1,200723_Poo_TruePoo_Full2,B2-IS,3.61,7290203,75074,2716587,0.5,molecules1
molecules1,200723_Poo_TruePoo_Full3,B2-IS,3.61,8376792,85726,3185892,1.4,molecules1
molecules1,200723_Poo_TruePoo_Full4,B2-IS,3.61,8023287,120782,3031782,1.2,molecules1
molecules1,200723_Poo_TruePoo_Half1,B2-IS,3.62,3824844,39069,1413438,0.2,molecules1
molecules1,200723_Poo_TruePoo_Half2,B2-IS,3.61,3955892,31040,1460260,0.5,molecules1
molecules1,200723_Poo_TruePoo_Half3,B2-IS,3.61,4347033,54199,1556191,1.6,molecules1
molecules1,200723_Poo_TruePoo_Half4,B2-IS,3.62,4206146,33827,1547396,1.3,molecules1
molecules1,200723_Smp_DSW700m_1,B2-IS,3.62,8476869,74423,3253157,1.3,molecules1
molecules1,200723_Smp_DSW700m_2,B2-IS,3.63,9477612,72199,3565056,1.2,molecules1
molecules1,200723_Smp_DSW700m_3,B2-IS,3.62,9102901,95842,3485336,0.9,molecules1
molecules1,200723_Smp_DSW700m-IL2_1,B2-IS,3.62,7967480,90776,3122550,1,molecules1
molecules1,200723_Smp_DSW700m-IL2_2,B2-IS,3.62,10014521,112725,3899017,0.9,molecules1
molecules1,200723_Smp_DSW700m-IL2_3,B2-IS,3.62,7298440,64694,2774217,1.1,molecules1
molecules1,200723_Smp_IL1Control_1,B2-IS,3.62,6338168,52266,2358446,0.3,molecules1
molecules1,200723_Smp_IL1Control_2,B2-IS,3.6,7273237,102864,2737961,0.8,molecules1
molecules1,200723_Smp_IL1Control_3,B2-IS,3.61,7504528,73316,2765886,0.7,molecules1
molecules1,200723_Smp_IL1Control5um_1,B2-IS,3.62,7312066,90856,2771984,0.3,molecules1
molecules1,200723_Smp_IL1Control5um_2,B2-IS,3.62,7793667,59471,2868764,0.4,molecules1
molecules1,200723_Smp_IL1Control5um_3,B2-IS,3.61,7640515,79852,2855780,1.2,molecules1
molecules1,200723_Smp_IL1DMB_1,B2-IS,3.61,6453050,43656,2351919,0.8,molecules1
molecules1,200723_Smp_IL1DMB_2,B2-IS,3.61,6534522,77075,2398566,0.6,molecules1
molecules1,200723_Smp_IL1DMB_3,B2-IS,3.61,7343516,66188,2754343,0.6,molecules1
molecules1,200723_Smp_IL1DMB5um_1,B2-IS,3.6,9138978,80000,3361087,1.1,molecules1
molecules1,200723_Smp_IL1DMB5um_2,B2-IS,3.61,8945792,98174,3363218,0.7,molecules1
molecules1,200723_Smp_IL1DMB5um_3,B2-IS,3.61,8219909,44856,3029131,1.1,molecules1
molecules1,200723_Smp_IL1DMBnoBT_1,B2-IS,3.61,8589748,98839,3204807,0.7,molecules1
molecules1,200723_Smp_IL1DMBnoBT_2,B2-IS,3.61,7781988,62797,2868673,0.7,molecules1
molecules1,200723_Smp_IL1DMBnoBT5um_1,B2-IS,3.61,9189789,81708,3497430,1.1,molecules1
molecules1,200723_Smp_IL1DMBnoBT5um_2,B2-IS,3.61,9414801,68039,3426295,1.6,molecules1
molecules1,200723_Smp_IL1DMBnoBT5um_3,B2-IS,3.61,8758582,88238,3176081,1,molecules1
molecules1,200723_Smp_IL1DSW_1,B2-IS,3.61,7809581,45244,2833968,0.5,molecules1
molecules1,200723_Smp_IL1DSW_2,B2-IS,3.61,8204447,54360,3069873,0.4,molecules1
molecules1,200723_Smp_IL1DSW_3,B2-IS,3.6,8524393,78643,3261634,0.5,molecules1
molecules1,200723_Smp_IL1DSW5um_1,B2-IS,3.61,9567927,110838,3586265,1.8,molecules1
molecules1,200723_Smp_IL1DSW5um_2,B2-IS,3.61,9785519,93411,3770060,1.3,molecules1
molecules1,200723_Smp_IL1DSW5um_3,B2-IS,3.61,8325978,72047,3153935,0.5,molecules1
molecules1,200723_Smp_IL1noBT_1,B2-IS,3.61,8704918,123484,3199872,0.7,molecules1
molecules1,200723_Smp_IL1noBT_2,B2-IS,3.6,7963120,68801,2964535,0.6,molecules1
molecules1,200723_Smp_IL1noBT_3,B2-IS,3.61,8577272,76238,3209686,0.7,molecules1
molecules1,200723_Smp_IL1noBT5um_1,B2-IS,3.6,8377744,61404,3158818,1,molecules1
molecules1,200723_Smp_IL1noBT5um_2,B2-IS,3.61,8195221,93002,3046502,0.7,molecules1
molecules1,200723_Smp_IL1noBT5um_3,B2-IS,3.61,9682058,118326,3728953,0.8,molecules1
molecules1,200723_Smp_IL1WBT_1,B2-IS,3.62,6519802,64559,2408823,0.3,molecules1
molecules1,200723_Smp_IL1WBT_2,B2-IS,3.61,7577146,133470,2734543,0.7,molecules1
molecules1,200723_Smp_IL1WBT_3,B2-IS,3.61,8232616,83964,3080789,0.5,molecules1
molecules1,200723_Smp_IL1WBT5um_1,B2-IS,3.61,7582255,114012,2794384,0.3,molecules1
molecules1,200723_Smp_IL1WBT5um_1_2nd-Inj_35uL,B2-IS,3.62,7965332,57214,2984719,0.3,molecules1
molecules1,200723_Smp_IL1WBT5um_2,B2-IS,3.61,10267714,128074,3877598,0.9,molecules1
molecules1,200723_Smp_IL1WBT5um_3,B2-IS,3.6,8989290,82835,3322000,1,molecules1
molecules1,200723_Smp_IL1T0_1,B2-IS,3.61,7877025,89049,2946465,0.5,molecules1
molecules1,200723_Smp_IL1T0_2,B2-IS,3.61,7650620,54155,2854068,0.7,molecules1
molecules1,200723_Smp_IL1T0_3,B2-IS,3.61,8355290,87480,3152587,0.6,molecules1
molecules1,200723_Smp_IL1T05um_1,B2-IS,3.61,8609800,43563,3222408,0.8,molecules1
molecules1,200723_Smp_IL1T05um_2,B2-IS,3.61,8162618,84505,2945074,0.3,molecules1
molecules1,200723_Smp_IL1T05um_3,B2-IS,3.6,9196807,123149,3464819,1.1,molecules1
molecules1,200723_Smp_IL2Control_1,B2-IS,3.62,9144796,135666,3471468,0.6,molecules1
molecules1,200723_Smp_IL2Control_2,B2-IS,3.62,7745477,116081,2941519,1.1,molecules1
molecules1,200723_Smp_IL2Control_3,B2-IS,3.61,9276373,124965,3638564,1.2,molecules1
molecules1,200723_Smp_IL2Control5um_1,B2-IS,3.62,8090293,62544,3042807,0.9,molecules1
molecules1,200723_Smp_IL2Control5um_2,B2-IS,3.62,8380634,117393,3117005,0.9,molecules1
molecules1,200723_Smp_IL2Control5um_3,B2-IS,3.62,9656649,141038,3591398,0.4,molecules1
molecules1,200723_Smp_IL2DMB_1,B2-IS,3.62,8294923,44386,3019483,1.3,molecules1
molecules1,200723_Smp_IL2DMB_2,B2-IS,3.62,7722525,118621,2924770,0.9,molecules1
molecules1,200723_Smp_IL2DMB_3,B2-IS,3.62,6861332,44778,2548548,0.7,molecules1
molecules1,200723_Smp_IL2DMB5um_1,B2-IS,3.62,8062267,82856,2954687,0.6,molecules1
molecules1,200723_Smp_IL2DMB5um_2,B2-IS,3.62,8176126,75629,3022298,1.2,molecules1
molecules1,200723_Smp_IL2DMB5um_3,B2-IS,3.61,8312353,121563,2999721,0.9,molecules1
molecules1,200723_Smp_IL2DMBnoBT_1,B2-IS,3.63,7960633,89523,3005179,1.1,molecules1
molecules1,200723_Smp_IL2DMBnoBT_2,B2-IS,3.62,7719743,80467,2829024,1,molecules1
molecules1,200723_Smp_IL2DMBnoBT_3,B2-IS,3.62,6575760,56007,2424780,1,molecules1
molecules1,200723_Smp_IL2DMBnoBT5um_1,B2-IS,3.62,8044581,101783,3030093,1.3,molecules1
molecules1,200723_Smp_IL2DMBnoBT5um_2,B2-IS,3.61,8126662,78683,3011804,1.1,molecules1
molecules1,200723_Smp_IL2DMBnoBT5um_3,B2-IS,3.61,8283789,106348,3083284,1.2,molecules1
molecules1,200723_Smp_IL2DSW_1,B2-IS,3.62,7758783,68462,3026451,1.4,molecules1
molecules1,200723_Smp_IL2DSW_2,B2-IS,3.62,8168088,77986,3078860,0.9,molecules1
molecules1,200723_Smp_IL2DSW_3,B2-IS,3.62,7727110,82674,2980613,0.9,molecules1
molecules1,200723_Smp_IL2DSW5um_1,B2-IS,3.62,7938068,46917,2996142,1.2,molecules1
molecules1,200723_Smp_IL2DSW5um_2,B2-IS,3.62,7942286,92642,3007595,1,molecules1
molecules1,200723_Smp_IL2DSW5um_3,B2-IS,3.62,8438752,125602,3093631,1.1,molecules1
molecules1,200723_Smp_IL2noBT_1,B2-IS,3.62,7661299,78901,2965353,0.8,molecules1
molecules1,200723_Smp_IL2noBT_2,B2-IS,3.62,9327933,83212,3717596,0.2,molecules1
molecules1,200723_Smp_IL2noBT_3,B2-IS,3.62,8025986,114909,3118594,1.2,molecules1
molecules1,200723_Smp_IL2noBT5um_1,B2-IS,3.62,8476466,63247,2956250,0.7,molecules1
molecules1,200723_Smp_IL2noBT5um_2,B2-IS,3.62,7722057,86341,2901027,0.9,molecules1
molecules1,200723_Smp_IL2noBT5um_3,B2-IS,3.62,8257844,82297,3088086,1.2,molecules1
molecules1,200723_Smp_IL2WBT_1,B2-IS,3.62,7563654,54300,2808108,0.7,molecules1
molecules1,200723_Smp_IL2WBT_2,B2-IS,3.62,7644710,89288,2853263,0.8,molecules1
molecules1,200723_Smp_IL2WBT_3,B2-IS,3.62,7495048,94121,2806344,1,molecules1
molecules1,200723_Smp_IL2WBT5um_1,B2-IS,3.62,8213293,89715,3087876,0.8,molecules1
molecules1,200723_Smp_IL2WBT5um_2,B2-IS,3.61,8406744,124617,3101052,1.5,molecules1
molecules1,200723_Smp_IL2WBT5um_3,B2-IS,3.62,7800614,114462,2791463,1,molecules1
molecules1,200723_Smp_IL2T0_1,B2-IS,3.62,7233469,91231,2650279,0.9,molecules1
molecules1,200723_Smp_IL2T0_2,B2-IS,3.62,8688469,86654,3377485,-0.3,molecules1
molecules1,200723_Smp_IL2T0_3,B2-IS,3.63,7802461,74891,2884358,1.1,molecules1
molecules1,200723_Smp_IL2T05um_1,B2-IS,3.61,7984269,66711,2940180,1.2,molecules1
molecules1,200723_Smp_IL2T05um_2,B2-IS,3.62,7630563,103162,2826032,0.8,molecules1
molecules1,200723_Smp_IL2T05um_3,B2-IS,3.61,8438045,59396,3110176,1,molecules1
molecules1,200723_Std_250nMStdinH2O_5uL-1,Me-B12,7.16,8399662,80887,3200392,1.8,molecules1
molecules1,200723_Std_250nMStdinH2O_5uL-2,Me-B12,7.17,8663438,73860,3186514,2.1,molecules1
molecules1,200723_Std_250nMStdsInH20_10uL-1,Me-B12,7.16,18660838,146541,7089627,1.2,molecules1
molecules1,200723_Std_250nMStdinH2O_10uL-2,Me-B12,7.18,17723420,128418,6336329,2.2,molecules1
molecules1,200723_Std_250nMStdinAqMatrix_5uL-1,Me-B12,7.16,5649079,78757,2110352,2.1,molecules1
molecules1,200723_Std_250nMStdinAqMatrix_5uL-2,Me-B12,7.18,8729423,109733,3259107,2.1,molecules1
molecules1,200723_Std_250nMStdsInAqMatrix_10uL-1,Me-B12,7.16,16114919,109234,6015939,1.4,molecules1
molecules1,200723_Std_250nMStdinAqMatrix_10uL-2,Me-B12,7.19,18564808,246515,6788781,2.6,molecules1
molecules1,200723_Std_H2OinAqMatrix_5uL-1,Me-B12,7.18,11343,0,7454,0.8,molecules1
molecules1,200723_Std_H2OinAqMatrix_5uL-2,Me-B12,6.33,7534,4432,3451,-15,molecules1
molecules1,200723_Std_H2OinAqMatrix_10uL-1,Me-B12,6.3,289,0,285,-16.1,molecules1
molecules1,200723_Std_H2OinAqMatrix_10uL-2,Me-B12,6.3,1148,943,1433,-15.6,molecules1
molecules1,200722_Smp_CultureMED4_1,Me-B12,6.3,823,0,1464,-14.7,molecules1
molecules1,200722_Smp_CultureMED4_2,Me-B12,6.31,1500,927,1656,-17.6,molecules1
molecules1,200723_Blk_ProcessBlk_1,Me-B12,6.3,1070,368,703,-17.3,molecules1
molecules1,200723_Blk_ProcessBlk_2,Me-B12,6.3,3108,1017,1737,-17,molecules1
molecules1,200723_Blk_ProcessBlk_3,Me-B12,6.3,1098,0,1063,-13.7,molecules1
molecules1,200723_Poo_TruePoo_Full1,Me-B12,4.89,1095,0,1153,-15.4,molecules1
molecules1,200723_Poo_TruePoo_Full2,Me-B12,6.27,1128,321,843,-16.9,molecules1
molecules1,200723_Poo_TruePoo_Full3,Me-B12,6.31,2749,5568,1730,-17.1,molecules1
molecules1,200723_Poo_TruePoo_Full4,Me-B12,6.3,4236,3596,1778,-16.6,molecules1
molecules1,200723_Poo_TruePoo_Half1,Me-B12,6.36,1512,0,2258,-10,molecules1
molecules1,200723_Poo_TruePoo_Half2,Me-B12,6.3,1778,53,1093,-16.8,molecules1
molecules1,200723_Poo_TruePoo_Half3,Me-B12,6.31,1431,1128,2266,-17,molecules1
molecules1,200723_Poo_TruePoo_Half4,Me-B12,6.28,4211,2584,3527,-15,molecules1
molecules1,200723_Smp_DSW700m_1,Me-B12,6.32,1978,2923,2153,-15.6,molecules1
molecules1,200723_Smp_DSW700m_2,Me-B12,6.3,2608,3321,2523,-16.8,molecules1
molecules1,200723_Smp_DSW700m_3,Me-B12,6,8047,3633,3000,-16.2,molecules1
molecules1,200723_Smp_DSW700m-IL2_1,Me-B12,6.28,4210,3143,2994,-13.7,molecules1
molecules1,200723_Smp_DSW700m-IL2_2,Me-B12,6.27,2116,2949,3300,-15,molecules1
molecules1,200723_Smp_DSW700m-IL2_3,Me-B12,6.32,4908,5214,2636,-16,molecules1
molecules1,200723_Smp_IL1Control_1,Me-B12,5.9,973,0,1257,-15.4,molecules1
molecules1,200723_Smp_IL1Control_2,Me-B12,6.31,314,69,505,-17.2,molecules1
molecules1,200723_Smp_IL1Control_3,Me-B12,6.3,829,222,659,-16.5,molecules1
molecules1,200723_Smp_IL1Control5um_1,Me-B12,6.31,546,0,367,-13.3,molecules1
molecules1,200723_Smp_IL1Control5um_2,Me-B12,6.31,384,230,632,-17,molecules1
molecules1,200723_Smp_IL1Control5um_3,Me-B12,6.3,573,1065,668,-18.4,molecules1
molecules1,200723_Smp_IL1DMB_1,Me-B12,6.31,773,257,1356,-14.5,molecules1
molecules1,200723_Smp_IL1DMB_2,Me-B12,6.33,1851,930,1205,-17.3,molecules1
molecules1,200723_Smp_IL1DMB_3,Me-B12,6.28,1029,266,884,-13.2,molecules1
molecules1,200723_Smp_IL1DMB5um_1,Me-B12,6.29,3144,1331,1544,-17.6,molecules1
molecules1,200723_Smp_IL1DMB5um_2,Me-B12,6.31,2204,938,1179,-17.6,molecules1
molecules1,200723_Smp_IL1DMB5um_3,Me-B12,6.3,1066,249,1124,-18.6,molecules1
molecules1,200723_Smp_IL1DMBnoBT_1,Me-B12,6.26,3688,692,1677,-17.3,molecules1
molecules1,200723_Smp_IL1DMBnoBT_2,Me-B12,6.3,1291,661,1370,-17.7,molecules1
molecules1,200723_Smp_IL1DMBnoBT5um_1,Me-B12,6.3,1230,984,1178,-16.5,molecules1
molecules1,200723_Smp_IL1DMBnoBT5um_2,Me-B12,6.3,887,250,1090,-17.2,molecules1
molecules1,200723_Smp_IL1DMBnoBT5um_3,Me-B12,6.3,500,930,583,-15.4,molecules1
molecules1,200723_Smp_IL1DSW_1,Me-B12,6.29,959,832,1211,-16.5,molecules1
molecules1,200723_Smp_IL1DSW_2,Me-B12,6.31,1054,104,1514,-12.2,molecules1
molecules1,200723_Smp_IL1DSW_3,Me-B12,6.26,1032,86,778,-18.4,molecules1
molecules1,200723_Smp_IL1DSW5um_1,Me-B12,6.28,1116,472,1829,-17.3,molecules1
molecules1,200723_Smp_IL1DSW5um_2,Me-B12,6.31,542,337,754,-16.1,molecules1
molecules1,200723_Smp_IL1DSW5um_3,Me-B12,6.31,1374,315,810,-15.5,molecules1
molecules1,200723_Smp_IL1noBT_1,Me-B12,6.31,1158,135,943,-17.3,molecules1
molecules1,200723_Smp_IL1noBT_2,Me-B12,6.3,417,276,446,-18,molecules1
molecules1,200723_Smp_IL1noBT_3,Me-B12,6.3,1476,509,1203,-18,molecules1
molecules1,200723_Smp_IL1noBT5um_1,Me-B12,6.3,634,911,793,-17,molecules1
molecules1,200723_Smp_IL1noBT5um_2,Me-B12,6.29,1291,332,1507,-17.9,molecules1
molecules1,200723_Smp_IL1noBT5um_3,Me-B12,6.3,1875,449,2126,-16.1,molecules1
molecules1,200723_Smp_IL1WBT_1,Me-B12,6.29,859,0,510,-17.1,molecules1
molecules1,200723_Smp_IL1WBT_2,Me-B12,6.31,868,166,1191,-16.5,molecules1
molecules1,200723_Smp_IL1WBT_3,Me-B12,6.32,2607,706,1475,-17.8,molecules1
molecules1,200723_Smp_IL1WBT5um_1,Me-B12,6.32,856,0,690,-11.4,molecules1
molecules1,200723_Smp_IL1WBT5um_1_2nd-Inj_35uL,Me-B12,6.3,428,0,745,-8.3,molecules1
molecules1,200723_Smp_IL1WBT5um_2,Me-B12,6.29,2274,1552,1654,-15.2,molecules1
molecules1,200723_Smp_IL1WBT5um_3,Me-B12,6.31,1481,710,1615,-16.7,molecules1
molecules1,200723_Smp_IL1T0_1,Me-B12,6.3,3122,1793,1614,-16.7,molecules1
molecules1,200723_Smp_IL1T0_2,Me-B12,6.3,356,0,1401,-16.4,molecules1
molecules1,200723_Smp_IL1T0_3,Me-B12,6.3,1060,653,793,-17.8,molecules1
molecules1,200723_Smp_IL1T05um_1,Me-B12,6.33,2121,1863,1941,-17.9,molecules1
molecules1,200723_Smp_IL1T05um_2,Me-B12,6.31,1625,542,1303,-17.3,molecules1
molecules1,200723_Smp_IL1T05um_3,Me-B12,6.28,2149,942,1705,-16,molecules1
molecules1,200723_Smp_IL2Control_1,Me-B12,6.29,6438,2935,2491,-16.7,molecules1
molecules1,200723_Smp_IL2Control_2,Me-B12,6.3,1301,1226,1472,-17.7,molecules1
molecules1,200723_Smp_IL2Control_3,Me-B12,6.3,1981,1622,1862,-15.9,molecules1
molecules1,200723_Smp_IL2Control5um_1,Me-B12,6.35,6040,1693,2792,-16.6,molecules1
molecules1,200723_Smp_IL2Control5um_2,Me-B12,6.35,3455,1228,1721,-17.9,molecules1
molecules1,200723_Smp_IL2Control5um_3,Me-B12,6.31,1350,1187,830,-18.6,molecules1
molecules1,200723_Smp_IL2DMB_1,Me-B12,6.34,2042,4041,1237,-16.1,molecules1
molecules1,200723_Smp_IL2DMB_2,Me-B12,6.33,5033,4496,3654,-15.7,molecules1
molecules1,200723_Smp_IL2DMB_3,Me-B12,6.31,3409,1794,3546,-16.9,molecules1
molecules1,200723_Smp_IL2DMB5um_1,Me-B12,6.3,2053,3661,1282,-17.3,molecules1
molecules1,200723_Smp_IL2DMB5um_2,Me-B12,6.3,2399,3311,1741,-17.3,molecules1
molecules1,200723_Smp_IL2DMB5um_3,Me-B12,6.3,1802,1390,1324,-17.5,molecules1
molecules1,200723_Smp_IL2DMBnoBT_1,Me-B12,6.3,1751,2246,2320,-17.7,molecules1
molecules1,200723_Smp_IL2DMBnoBT_2,Me-B12,6.29,5085,3322,3145,-13.9,molecules1
molecules1,200723_Smp_IL2DMBnoBT_3,Me-B12,6.32,2445,2545,3164,-17.6,molecules1
molecules1,200723_Smp_IL2DMBnoBT5um_1,Me-B12,6.29,4382,3005,2514,-17,molecules1
molecules1,200723_Smp_IL2DMBnoBT5um_2,Me-B12,6.32,3087,216,3637,-14.9,molecules1
molecules1,200723_Smp_IL2DMBnoBT5um_3,Me-B12,6.29,1151,543,1469,-17.4,molecules1
molecules1,200723_Smp_IL2DSW_1,Me-B12,6.29,4054,4981,2568,-14.6,molecules1
molecules1,200723_Smp_IL2DSW_2,Me-B12,6.29,3645,2661,2330,-15.4,molecules1
molecules1,200723_Smp_IL2DSW_3,Me-B12,6.28,4119,3218,2607,-15.7,molecules1
molecules1,200723_Smp_IL2DSW5um_1,Me-B12,6.3,1318,500,1715,-17.6,molecules1
molecules1,200723_Smp_IL2DSW5um_2,Me-B12,6.3,791,1076,663,-18,molecules1
molecules1,200723_Smp_IL2DSW5um_3,Me-B12,6.31,2394,1045,2018,-17.9,molecules1
molecules1,200723_Smp_IL2noBT_1,Me-B12,6.36,4412,7375,1877,-16,molecules1
molecules1,200723_Smp_IL2noBT_2,Me-B12,6.3,1488,2102,1596,-16.5,molecules1
molecules1,200723_Smp_IL2noBT_3,Me-B12,6.27,3124,2254,2599,-16.4,molecules1
molecules1,200723_Smp_IL2noBT5um_1,Me-B12,6.31,5992,1908,3258,-17.3,molecules1
molecules1,200723_Smp_IL2noBT5um_2,Me-B12,6.33,4899,4964,1823,-17,molecules1
molecules1,200723_Smp_IL2noBT5um_3,Me-B12,6.33,1425,2771,958,-17,molecules1
molecules1,200723_Smp_IL2WBT_1,Me-B12,6.3,3519,2403,2295,-15.4,molecules1
molecules1,200723_Smp_IL2WBT_2,Me-B12,6.26,4439,4060,2186,-16.3,molecules1
molecules1,200723_Smp_IL2WBT_3,Me-B12,6.3,3916,2580,2795,-16.8,molecules1
molecules1,200723_Smp_IL2WBT5um_1,Me-B12,6.29,2015,963,1548,-17.4,molecules1
molecules1,200723_Smp_IL2WBT5um_2,Me-B12,6.31,1597,510,931,-17.8,molecules1
molecules1,200723_Smp_IL2WBT5um_3,Me-B12,6.42,5655,3178,2277,-16.2,molecules1
molecules1,200723_Smp_IL2T0_1,Me-B12,6.3,7310,2944,4165,-14.9,molecules1
molecules1,200723_Smp_IL2T0_2,Me-B12,6.3,1159,2031,1671,-16,molecules1
molecules1,200723_Smp_IL2T0_3,Me-B12,6.3,3281,3695,2792,-15.3,molecules1
molecules1,200723_Smp_IL2T05um_1,Me-B12,6.32,2953,2696,1547,-16.2,molecules1
molecules1,200723_Smp_IL2T05um_2,Me-B12,6.27,3195,1322,1732,-17.6,molecules1
molecules1,200723_Smp_IL2T05um_3,Me-B12,6.31,2113,493,1558,-17.3,molecules1
molecules1,200723_Std_250nMStdinH2O_5uL-1,Me-pB12,4.33,5265,0,5349,2.2,molecules1
molecules1,200723_Std_250nMStdinH2O_5uL-2,Me-pB12,6.11,9074,0,5919,-7.4,molecules1
molecules1,200723_Std_250nMStdsInH20_10uL-1,Me-pB12,4.38,2947,0,4429,7.3,molecules1
molecules1,200723_Std_250nMStdinH2O_10uL-2,Me-pB12,5.79,9397,583,4054,-7.5,molecules1
molecules1,200723_Std_250nMStdinAqMatrix_5uL-1,Me-pB12,6.57,774,0,2050,0.5,molecules1
molecules1,200723_Std_250nMStdinAqMatrix_5uL-2,Me-pB12,5.8,3659,1657,4340,-6.6,molecules1
molecules1,200723_Std_250nMStdsInAqMatrix_10uL-1,Me-pB12,4.37,10998,0,6927,5.1,molecules1
molecules1,200723_Std_250nMStdinAqMatrix_10uL-2,Me-pB12,5.8,4023,1449,4445,-8.6,molecules1
molecules1,200723_Std_H2OinAqMatrix_5uL-1,Me-pB12,5.8,90,0,331,15,molecules1
molecules1,200723_Std_H2OinAqMatrix_5uL-2,Me-pB12,5.8,2966,177,4526,-7.6,molecules1
molecules1,200723_Std_H2OinAqMatrix_10uL-1,Me-pB12,7.79,2174,0,2563,-5.5,molecules1
molecules1,200723_Std_H2OinAqMatrix_10uL-2,Me-pB12,5.81,3104,6410,2332,-8.7,molecules1
molecules1,200722_Smp_CultureMED4_1,Me-pB12,6.85,319572,0,122111,-1.1,molecules1
molecules1,200722_Smp_CultureMED4_2,Me-pB12,6.85,341072,234,128687,-1.4,molecules1
molecules1,200723_Blk_ProcessBlk_1,Me-pB12,5.88,4061,0,2884,-10.9,molecules1
molecules1,200723_Blk_ProcessBlk_2,Me-pB12,5.79,2220,0,3347,-5.1,molecules1
molecules1,200723_Blk_ProcessBlk_3,Me-pB12,7.46,7430,0,3072,-8.9,molecules1
molecules1,200723_Poo_TruePoo_Full1,Me-pB12,4.48,1282,0,2077,-11,molecules1
molecules1,200723_Poo_TruePoo_Full2,Me-pB12,5.8,410,0,1346,-14,molecules1
molecules1,200723_Poo_TruePoo_Full3,Me-pB12,3.88,6145,0,4618,5.6,molecules1
molecules1,200723_Poo_TruePoo_Full4,Me-pB12,7.44,9613,352,4815,-7.7,molecules1
molecules1,200723_Poo_TruePoo_Half1,Me-pB12,5.38,742,0,1803,-16.6,molecules1
molecules1,200723_Poo_TruePoo_Half2,Me-pB12,6.03,3970,0,3266,-10.4,molecules1
molecules1,200723_Poo_TruePoo_Half3,Me-pB12,5.81,5663,0,3081,-9,molecules1
molecules1,200723_Poo_TruePoo_Half4,Me-pB12,5.8,1682,0,2698,-8.3,molecules1
molecules1,200723_Smp_DSW700m_1,Me-pB12,5.79,3203,0,4033,-11.4,molecules1
molecules1,200723_Smp_DSW700m_2,Me-pB12,5.79,1683,0,3540,-10,molecules1
molecules1,200723_Smp_DSW700m_3,Me-pB12,7.36,13681,0,5173,-7.8,molecules1
molecules1,200723_Smp_DSW700m-IL2_1,Me-pB12,5.84,2680,2244,1893,-7.8,molecules1
molecules1,200723_Smp_DSW700m-IL2_2,Me-pB12,5.81,1451,0,1795,-8.5,molecules1
molecules1,200723_Smp_DSW700m-IL2_3,Me-pB12,5.82,5849,0,3880,-10,molecules1
molecules1,200723_Smp_IL1Control_1,Me-pB12,4.95,1158,0,1537,-0.4,molecules1
molecules1,200723_Smp_IL1Control_2,Me-pB12,6.71,2179,0,2898,-7.9,molecules1
molecules1,200723_Smp_IL1Control_3,Me-pB12,8.12,4733,0,2651,-8.4,molecules1
molecules1,200723_Smp_IL1Control5um_1,Me-pB12,4.43,2168,0,2384,-6.1,molecules1
molecules1,200723_Smp_IL1Control5um_2,Me-pB12,3.79,3920,0,3091,4.4,molecules1
molecules1,200723_Smp_IL1Control5um_3,Me-pB12,4.82,2570,0,2962,-3,molecules1
molecules1,200723_Smp_IL1DMB_1,Me-pB12,5.8,466,0,1017,-10.5,molecules1
molecules1,200723_Smp_IL1DMB_2,Me-pB12,5.81,1669,0,2074,-1.8,molecules1
molecules1,200723_Smp_IL1DMB_3,Me-pB12,5.79,779,0,1811,-11.3,molecules1
molecules1,200723_Smp_IL1DMB5um_1,Me-pB12,3.97,2607,0,3109,6.4,molecules1
molecules1,200723_Smp_IL1DMB5um_2,Me-pB12,4.68,1868,0,3983,5,molecules1
molecules1,200723_Smp_IL1DMB5um_3,Me-pB12,4.07,10817,0,4751,7.4,molecules1
molecules1,200723_Smp_IL1DMBnoBT_1,Me-pB12,5.78,1253,0,1770,-7.8,molecules1
molecules1,200723_Smp_IL1DMBnoBT_2,Me-pB12,7.17,8335,0,5146,-10.2,molecules1
molecules1,200723_Smp_IL1DMBnoBT5um_1,Me-pB12,6.78,2000,0,2982,-2.2,molecules1
molecules1,200723_Smp_IL1DMBnoBT5um_2,Me-pB12,5.93,2304,0,3380,-1.7,molecules1
molecules1,200723_Smp_IL1DMBnoBT5um_3,Me-pB12,5.8,959,0,1822,7.1,molecules1
molecules1,200723_Smp_IL1DSW_1,Me-pB12,5.81,1452,0,1576,-4.9,molecules1
molecules1,200723_Smp_IL1DSW_2,Me-pB12,6.49,3147,0,3042,-9.6,molecules1
molecules1,200723_Smp_IL1DSW_3,Me-pB12,5.8,83,0,290,-15.4,molecules1
molecules1,200723_Smp_IL1DSW5um_1,Me-pB12,5.93,3251,0,3872,3.6,molecules1
molecules1,200723_Smp_IL1DSW5um_2,Me-pB12,5.81,56,0,162,-7.8,molecules1
molecules1,200723_Smp_IL1DSW5um_3,Me-pB12,4.87,2534,0,2171,4.3,molecules1
molecules1,200723_Smp_IL1noBT_1,Me-pB12,5.82,1619,0,1982,-10.5,molecules1
molecules1,200723_Smp_IL1noBT_2,Me-pB12,7.35,1961,0,2720,-2.8,molecules1
molecules1,200723_Smp_IL1noBT_3,Me-pB12,7.76,5530,0,3089,-9.2,molecules1
molecules1,200723_Smp_IL1noBT5um_1,Me-pB12,4.64,2054,0,1943,5.6,molecules1
molecules1,200723_Smp_IL1noBT5um_2,Me-pB12,5.93,3120,0,3729,3,molecules1
molecules1,200723_Smp_IL1noBT5um_3,Me-pB12,4.62,2395,0,2810,6.1,molecules1
molecules1,200723_Smp_IL1WBT_1,Me-pB12,7.04,1547,0,1886,-5.2,molecules1
molecules1,200723_Smp_IL1WBT_2,Me-pB12,5.81,507,0,700,-5.2,molecules1
molecules1,200723_Smp_IL1WBT_3,Me-pB12,7.59,5484,0,3840,-8.7,molecules1
molecules1,200723_Smp_IL1WBT5um_1,Me-pB12,4.16,1726,0,3629,2.9,molecules1
molecules1,200723_Smp_IL1WBT5um_1_2nd-Inj_35uL,Me-pB12,4.38,2589,0,2586,4,molecules1
molecules1,200723_Smp_IL1WBT5um_2,Me-pB12,4.25,2502,0,2755,4.2,molecules1
molecules1,200723_Smp_IL1WBT5um_3,Me-pB12,4.35,2798,0,2842,4.5,molecules1
molecules1,200723_Smp_IL1T0_1,Me-pB12,7.5,4408,0,2191,-8.4,molecules1
molecules1,200723_Smp_IL1T0_2,Me-pB12,7.48,4096,0,2794,-9.3,molecules1
molecules1,200723_Smp_IL1T0_3,Me-pB12,4.1,3823,0,2956,5,molecules1
molecules1,200723_Smp_IL1T05um_1,Me-pB12,5.8,72,0,236,-4.6,molecules1
molecules1,200723_Smp_IL1T05um_2,Me-pB12,4.39,5409,0,3349,7.6,molecules1
molecules1,200723_Smp_IL1T05um_3,Me-pB12,4.75,4035,0,2990,0.1,molecules1
molecules1,200723_Smp_IL2Control_1,Me-pB12,5.79,872,0,1577,-6.9,molecules1
molecules1,200723_Smp_IL2Control_2,Me-pB12,6.45,4478,0,3298,-6.7,molecules1
molecules1,200723_Smp_IL2Control_3,Me-pB12,5.8,3044,0,2711,-11.1,molecules1
molecules1,200723_Smp_IL2Control5um_1,Me-pB12,4.17,4583,0,4735,7.2,molecules1
molecules1,200723_Smp_IL2Control5um_2,Me-pB12,5.79,1666,0,2171,-5.8,molecules1
molecules1,200723_Smp_IL2Control5um_3,Me-pB12,5.11,4692,0,3779,0.8,molecules1
molecules1,200723_Smp_IL2DMB_1,Me-pB12,5.8,3346,0,4757,-12.2,molecules1
molecules1,200723_Smp_IL2DMB_2,Me-pB12,5.81,1398,0,2027,-9.1,molecules1
molecules1,200723_Smp_IL2DMB_3,Me-pB12,6.76,6324,0,4630,-10.1,molecules1
molecules1,200723_Smp_IL2DMB5um_1,Me-pB12,5.79,967,0,2852,4.1,molecules1
molecules1,200723_Smp_IL2DMB5um_2,Me-pB12,5.79,1121,0,1529,-9.8,molecules1
molecules1,200723_Smp_IL2DMB5um_3,Me-pB12,4.88,2480,0,3071,6.7,molecules1
molecules1,200723_Smp_IL2DMBnoBT_1,Me-pB12,5.8,3327,0,3732,-5.3,molecules1
molecules1,200723_Smp_IL2DMBnoBT_2,Me-pB12,7.18,7261,0,4456,-9.7,molecules1
molecules1,200723_Smp_IL2DMBnoBT_3,Me-pB12,5.81,986,0,2646,3.9,molecules1
molecules1,200723_Smp_IL2DMBnoBT5um_1,Me-pB12,7.64,9024,0,3041,-7.9,molecules1
molecules1,200723_Smp_IL2DMBnoBT5um_2,Me-pB12,4.83,4342,0,3412,4.9,molecules1
molecules1,200723_Smp_IL2DMBnoBT5um_3,Me-pB12,5.79,539,0,1079,-16.5,molecules1
molecules1,200723_Smp_IL2DSW_1,Me-pB12,7.48,13509,0,4481,-7.3,molecules1
molecules1,200723_Smp_IL2DSW_2,Me-pB12,5.79,2298,0,3109,-10.4,molecules1
molecules1,200723_Smp_IL2DSW_3,Me-pB12,8.39,6199,0,3846,-7.7,molecules1
molecules1,200723_Smp_IL2DSW5um_1,Me-pB12,5.8,612,0,1545,3.6,molecules1
molecules1,200723_Smp_IL2DSW5um_2,Me-pB12,5.81,655,0,2441,7.1,molecules1
molecules1,200723_Smp_IL2DSW5um_3,Me-pB12,4.85,4847,0,4200,8.4,molecules1
molecules1,200723_Smp_IL2noBT_1,Me-pB12,5.77,2083,0,2693,-13.5,molecules1
molecules1,200723_Smp_IL2noBT_2,Me-pB12,7.23,9291,0,4217,-9.4,molecules1
molecules1,200723_Smp_IL2noBT_3,Me-pB12,6.95,7006,0,3751,-8.2,molecules1
molecules1,200723_Smp_IL2noBT5um_1,Me-pB12,5.81,1112,0,1097,-6.7,molecules1
molecules1,200723_Smp_IL2noBT5um_2,Me-pB12,5.8,208,0,904,-18.3,molecules1
molecules1,200723_Smp_IL2noBT5um_3,Me-pB12,8.3,5500,0,4501,-9.3,molecules1
molecules1,200723_Smp_IL2WBT_1,Me-pB12,5.82,5831,0,2553,-6.1,molecules1
molecules1,200723_Smp_IL2WBT_2,Me-pB12,5.8,2413,17,3767,-8.5,molecules1
molecules1,200723_Smp_IL2WBT_3,Me-pB12,5.8,3011,0,2034,-7.2,molecules1
molecules1,200723_Smp_IL2WBT5um_1,Me-pB12,5.8,630,0,1496,3.4,molecules1
molecules1,200723_Smp_IL2WBT5um_2,Me-pB12,3.81,6460,0,3101,5.2,molecules1
molecules1,200723_Smp_IL2WBT5um_3,Me-pB12,7.89,10867,0,6015,-8.4,molecules1
molecules1,200723_Smp_IL2T0_1,Me-pB12,5.8,861,0,1208,-9.8,molecules1
molecules1,200723_Smp_IL2T0_2,Me-pB12,5.83,2443,0,2006,-5.7,molecules1
molecules1,200723_Smp_IL2T0_3,Me-pB12,5.79,5585,0,2988,-8.8,molecules1
molecules1,200723_Smp_IL2T05um_1,Me-pB12,5.79,542,0,937,-14.5,molecules1
molecules1,200723_Smp_IL2T05um_2,Me-pB12,4,5628,0,3405,3.4,molecules1
molecules1,200723_Smp_IL2T05um_3,Me-pB12,8.44,7300,0,3718,-7.5,molecules1
molecules1,200723_Std_250nMStdinH2O_5uL-1,Ado-B12,6.11,9902414,120198,3711872,1.3,molecules1
molecules1,200723_Std_250nMStdinH2O_5uL-2,Ado-B12,6.12,11593017,137279,4229275,1.3,molecules1
molecules1,200723_Std_250nMStdsInH20_10uL-1,Ado-B12,6.11,22441360,173206,8762965,0.6,molecules1
molecules1,200723_Std_250nMStdinH2O_10uL-2,Ado-B12,6.12,24765876,158034,8952104,1.3,molecules1
molecules1,200723_Std_250nMStdinAqMatrix_5uL-1,Ado-B12,6.11,7148042,54289,2707684,1.3,molecules1
molecules1,200723_Std_250nMStdinAqMatrix_5uL-2,Ado-B12,6.12,11944996,132271,4432610,1.3,molecules1
molecules1,200723_Std_250nMStdsInAqMatrix_10uL-1,Ado-B12,6.12,20848960,239764,8352867,0.5,molecules1
molecules1,200723_Std_250nMStdinAqMatrix_10uL-2,Ado-B12,6.13,25592290,218901,9402324,1.4,molecules1
molecules1,200723_Std_H2OinAqMatrix_5uL-1,Ado-B12,6.1,21627,0,9391,1.2,molecules1
molecules1,200723_Std_H2OinAqMatrix_5uL-2,Ado-B12,6.04,710,0,1843,-5.9,molecules1
molecules1,200723_Std_H2OinAqMatrix_10uL-1,Ado-B12,5.4,363,0,1078,-9.3,molecules1
molecules1,200723_Std_H2OinAqMatrix_10uL-2,Ado-B12,6.14,1799,0,3422,-0.7,molecules1
molecules1,200722_Smp_CultureMED4_1,Ado-B12,6.12,6633,0,3532,15.7,molecules1
molecules1,200722_Smp_CultureMED4_2,Ado-B12,6.13,6841,0,4216,16.8,molecules1
molecules1,200723_Blk_ProcessBlk_1,Ado-B12,6.04,0,0,0,#N/A,molecules1
molecules1,200723_Blk_ProcessBlk_2,Ado-B12,6.07,765,0,2949,0.2,molecules1
molecules1,200723_Blk_ProcessBlk_3,Ado-B12,6.08,0,0,0,#N/A,molecules1
molecules1,200723_Poo_TruePoo_Full1,Ado-B12,8,643,0,1726,0.8,molecules1
molecules1,200723_Poo_TruePoo_Full2,Ado-B12,6.85,733,0,2229,-3.3,molecules1
molecules1,200723_Poo_TruePoo_Full3,Ado-B12,7.52,1338,0,3647,2.3,molecules1
molecules1,200723_Poo_TruePoo_Full4,Ado-B12,6.16,961,0,3212,-5.9,molecules1
molecules1,200723_Poo_TruePoo_Half1,Ado-B12,#N/A,#N/A,#N/A,#N/A,#N/A,molecules1
molecules1,200723_Poo_TruePoo_Half2,Ado-B12,5.85,732,0,2218,6.9,molecules1
molecules1,200723_Poo_TruePoo_Half3,Ado-B12,4.66,1771,0,3992,-6.1,molecules1
molecules1,200723_Poo_TruePoo_Half4,Ado-B12,4.9,1567,0,3586,-1.9,molecules1
molecules1,200723_Smp_DSW700m_1,Ado-B12,7.13,745,0,2591,0.5,molecules1
molecules1,200723_Smp_DSW700m_2,Ado-B12,6.84,947,0,4329,-13.5,molecules1
molecules1,200723_Smp_DSW700m_3,Ado-B12,6.65,1001,0,3092,3.8,molecules1
molecules1,200723_Smp_DSW700m-IL2_1,Ado-B12,6.13,3839,0,4957,2.1,molecules1
molecules1,200723_Smp_DSW700m-IL2_2,Ado-B12,6.12,3578,0,4989,4.2,molecules1
molecules1,200723_Smp_DSW700m-IL2_3,Ado-B12,5.49,946,0,3779,0.4,molecules1
molecules1,200723_Smp_IL1Control_1,Ado-B12,#N/A,#N/A,#N/A,#N/A,#N/A,molecules1
molecules1,200723_Smp_IL1Control_2,Ado-B12,5.76,258,0,879,-14.7,molecules1
molecules1,200723_Smp_IL1Control_3,Ado-B12,5.66,422,0,1925,11.8,molecules1
molecules1,200723_Smp_IL1Control5um_1,Ado-B12,3.3,1334,0,2619,3.5,molecules1
molecules1,200723_Smp_IL1Control5um_2,Ado-B12,7.7,774,0,2149,0.9,molecules1
molecules1,200723_Smp_IL1Control5um_3,Ado-B12,6.11,6554,0,5332,2.4,molecules1
molecules1,200723_Smp_IL1DMB_1,Ado-B12,5.81,623,0,1934,1,molecules1
molecules1,200723_Smp_IL1DMB_2,Ado-B12,5.12,403,0,1188,6.9,molecules1
molecules1,200723_Smp_IL1DMB_3,Ado-B12,5.75,396,0,1626,10.2,molecules1
molecules1,200723_Smp_IL1DMB5um_1,Ado-B12,6.11,5031,0,4687,1.6,molecules1
molecules1,200723_Smp_IL1DMB5um_2,Ado-B12,5.52,1015,0,3363,2,molecules1
molecules1,200723_Smp_IL1DMB5um_3,Ado-B12,5.15,797,0,3684,-5.4,molecules1
molecules1,200723_Smp_IL1DMBnoBT_1,Ado-B12,5.49,687,0,2947,-0.5,molecules1
molecules1,200723_Smp_IL1DMBnoBT_2,Ado-B12,4.18,1127,0,2237,-3.3,molecules1
molecules1,200723_Smp_IL1DMBnoBT5um_1,Ado-B12,8.43,800,0,1952,3.6,molecules1
molecules1,200723_Smp_IL1DMBnoBT5um_2,Ado-B12,5.15,3434,0,3761,-2.6,molecules1
molecules1,200723_Smp_IL1DMBnoBT5um_3,Ado-B12,5.15,9581,0,5768,-3.2,molecules1
molecules1,200723_Smp_IL1DSW_1,Ado-B12,6.2,631,0,2140,-8.5,molecules1
molecules1,200723_Smp_IL1DSW_2,Ado-B12,5.49,106,0,271,-10.9,molecules1
molecules1,200723_Smp_IL1DSW_3,Ado-B12,5.52,246,0,804,10.5,molecules1
molecules1,200723_Smp_IL1DSW5um_1,Ado-B12,6.11,1018,0,4661,-4,molecules1
molecules1,200723_Smp_IL1DSW5um_2,Ado-B12,5.71,685,0,2189,4.3,molecules1
molecules1,200723_Smp_IL1DSW5um_3,Ado-B12,5.16,5449,0,4576,-5.2,molecules1
molecules1,200723_Smp_IL1noBT_1,Ado-B12,5.18,372,0,1143,1.8,molecules1
molecules1,200723_Smp_IL1noBT_2,Ado-B12,5.26,426,0,1113,6.8,molecules1
molecules1,200723_Smp_IL1noBT_3,Ado-B12,5.32,232,0,948,-2.2,molecules1
molecules1,200723_Smp_IL1noBT5um_1,Ado-B12,5.29,662,0,2209,5,molecules1
molecules1,200723_Smp_IL1noBT5um_2,Ado-B12,6.08,570,0,2591,0.1,molecules1
molecules1,200723_Smp_IL1noBT5um_3,Ado-B12,6.09,892,0,3494,5.3,molecules1
molecules1,200723_Smp_IL1WBT_1,Ado-B12,#N/A,#N/A,#N/A,#N/A,#N/A,molecules1
molecules1,200723_Smp_IL1WBT_2,Ado-B12,5.52,620,0,2136,0.3,molecules1
molecules1,200723_Smp_IL1WBT_3,Ado-B12,6.11,3877,0,3959,0.3,molecules1
molecules1,200723_Smp_IL1WBT5um_1,Ado-B12,6.11,5190,0,5017,-0.2,molecules1
molecules1,200723_Smp_IL1WBT5um_1_2nd-Inj_35uL,Ado-B12,6.12,8291,0,5029,1.7,molecules1
molecules1,200723_Smp_IL1WBT5um_2,Ado-B12,5.72,26861,0,11846,5.9,molecules1
molecules1,200723_Smp_IL1WBT5um_3,Ado-B12,6.11,6000,0,5561,0.9,molecules1
molecules1,200723_Smp_IL1T0_1,Ado-B12,6.1,488,0,1517,6.6,molecules1
molecules1,200723_Smp_IL1T0_2,Ado-B12,5.38,596,0,1441,-2.1,molecules1
molecules1,200723_Smp_IL1T0_3,Ado-B12,6.91,551,0,2104,-2,molecules1
molecules1,200723_Smp_IL1T05um_1,Ado-B12,7.5,712,0,2307,-4.1,molecules1
molecules1,200723_Smp_IL1T05um_2,Ado-B12,7.85,513,0,1441,3.8,molecules1
molecules1,200723_Smp_IL1T05um_3,Ado-B12,7.88,817,0,2287,-0.6,molecules1
molecules1,200723_Smp_IL2Control_1,Ado-B12,7.18,1137,0,3601,-7.4,molecules1
molecules1,200723_Smp_IL2Control_2,Ado-B12,6.2,1018,0,4585,-2.3,molecules1
molecules1,200723_Smp_IL2Control_3,Ado-B12,4.95,1189,0,2623,2.7,molecules1
molecules1,200723_Smp_IL2Control5um_1,Ado-B12,8.07,846,0,3029,0.1,molecules1
molecules1,200723_Smp_IL2Control5um_2,Ado-B12,7.55,727,0,3208,-0.4,molecules1
molecules1,200723_Smp_IL2Control5um_3,Ado-B12,7.96,605,0,1779,4.3,molecules1
molecules1,200723_Smp_IL2DMB_1,Ado-B12,4.59,1592,0,3100,-2.1,molecules1
molecules1,200723_Smp_IL2DMB_2,Ado-B12,5.38,668,0,1691,6.5,molecules1
molecules1,200723_Smp_IL2DMB_3,Ado-B12,3.6,1567,0,2796,2.9,molecules1
molecules1,200723_Smp_IL2DMB5um_1,Ado-B12,7.92,960,0,2672,-7,molecules1
molecules1,200723_Smp_IL2DMB5um_2,Ado-B12,5.7,285,0,708,-9.8,molecules1
molecules1,200723_Smp_IL2DMB5um_3,Ado-B12,6.79,95,0,410,-19.8,molecules1
molecules1,200723_Smp_IL2DMBnoBT_1,Ado-B12,4.87,1400,0,2577,2.9,molecules1
molecules1,200723_Smp_IL2DMBnoBT_2,Ado-B12,7.71,1226,0,3452,1,molecules1
molecules1,200723_Smp_IL2DMBnoBT_3,Ado-B12,6.27,610,0,2135,-9.2,molecules1
molecules1,200723_Smp_IL2DMBnoBT5um_1,Ado-B12,5.95,664,0,2992,-10.4,molecules1
molecules1,200723_Smp_IL2DMBnoBT5um_2,Ado-B12,5.17,5226,0,5314,-3.6,molecules1
molecules1,200723_Smp_IL2DMBnoBT5um_3,Ado-B12,5.43,268,0,880,-5.4,molecules1
molecules1,200723_Smp_IL2DSW_1,Ado-B12,7.08,1052,0,4328,-1.9,molecules1
molecules1,200723_Smp_IL2DSW_2,Ado-B12,7.12,1193,0,2848,-4,molecules1
molecules1,200723_Smp_IL2DSW_3,Ado-B12,6.85,799,0,3521,0.4,molecules1
molecules1,200723_Smp_IL2DSW5um_1,Ado-B12,6.52,757,0,2641,-1.6,molecules1
molecules1,200723_Smp_IL2DSW5um_2,Ado-B12,#N/A,#N/A,#N/A,#N/A,#N/A,molecules1
molecules1,200723_Smp_IL2DSW5um_3,Ado-B12,8.11,727,0,3052,-1,molecules1
molecules1,200723_Smp_IL2noBT_1,Ado-B12,6.18,985,0,1911,-7.4,molecules1
molecules1,200723_Smp_IL2noBT_2,Ado-B12,4.92,1146,0,2320,8,molecules1
molecules1,200723_Smp_IL2noBT_3,Ado-B12,4.91,1168,0,2478,8.5,molecules1
molecules1,200723_Smp_IL2noBT5um_1,Ado-B12,5.76,909,0,2378,4.6,molecules1
molecules1,200723_Smp_IL2noBT5um_2,Ado-B12,8.26,1155,0,3485,0,molecules1
molecules1,200723_Smp_IL2noBT5um_3,Ado-B12,7.76,611,0,1905,1,molecules1
molecules1,200723_Smp_IL2WBT_1,Ado-B12,3.82,1377,0,2895,3.9,molecules1
molecules1,200723_Smp_IL2WBT_2,Ado-B12,5.4,249,0,905,-15,molecules1
molecules1,200723_Smp_IL2WBT_3,Ado-B12,6.12,2613,0,4048,0,molecules1
molecules1,200723_Smp_IL2WBT5um_1,Ado-B12,6.56,88,0,277,-6.8,molecules1
molecules1,200723_Smp_IL2WBT5um_2,Ado-B12,3.61,344,0,710,-16.4,molecules1
molecules1,200723_Smp_IL2WBT5um_3,Ado-B12,6.13,2139,0,3613,2.7,molecules1
molecules1,200723_Smp_IL2T0_1,Ado-B12,7.67,961,0,2441,0.2,molecules1
molecules1,200723_Smp_IL2T0_2,Ado-B12,4.05,854,0,1644,-4.5,molecules1
molecules1,200723_Smp_IL2T0_3,Ado-B12,4.86,1265,0,2296,-3.1,molecules1
molecules1,200723_Smp_IL2T05um_1,Ado-B12,6.98,346,0,1001,-6.8,molecules1
molecules1,200723_Smp_IL2T05um_2,Ado-B12,8.15,970,0,2249,-1.1,molecules1
molecules1,200723_Smp_IL2T05um_3,Ado-B12,6.89,777,0,2126,-2.9,molecules1
molecules1,200723_Std_250nMStdinH2O_5uL-1,Ado-pB12,4.3,1390,0,3567,2.2,molecules1
molecules1,200723_Std_250nMStdinH2O_5uL-2,Ado-pB12,4.78,3066,0,3457,1.8,molecules1
molecules1,200723_Std_250nMStdsInH20_10uL-1,Ado-pB12,3.32,1097,0,1917,-4.5,molecules1
molecules1,200723_Std_250nMStdinH2O_10uL-2,Ado-pB12,3.64,2981,0,3893,6,molecules1
molecules1,200723_Std_250nMStdinAqMatrix_5uL-1,Ado-pB12,4.2,1211,0,2248,1.9,molecules1
molecules1,200723_Std_250nMStdinAqMatrix_5uL-2,Ado-pB12,4.54,1971,0,4617,1,molecules1
molecules1,200723_Std_250nMStdsInAqMatrix_10uL-1,Ado-pB12,3.86,925,0,1883,6.7,molecules1
molecules1,200723_Std_250nMStdinAqMatrix_10uL-2,Ado-pB12,3.91,2849,0,2687,4.4,molecules1
molecules1,200723_Std_H2OinAqMatrix_5uL-1,Ado-pB12,4.08,1145,0,2434,3,molecules1
molecules1,200723_Std_H2OinAqMatrix_5uL-2,Ado-pB12,4.5,976,0,2249,-2.4,molecules1
molecules1,200723_Std_H2OinAqMatrix_10uL-1,Ado-pB12,6.14,1225,0,2617,6.1,molecules1
molecules1,200723_Std_H2OinAqMatrix_10uL-2,Ado-pB12,5.07,2560,0,3103,0.3,molecules1
molecules1,200722_Smp_CultureMED4_1,Ado-pB12,4.37,5210,0,2581,17.7,molecules1
molecules1,200722_Smp_CultureMED4_2,Ado-pB12,4.39,5028,0,2695,16.6,molecules1
molecules1,200723_Blk_ProcessBlk_1,Ado-pB12,3.52,2044,0,2376,-12.5,molecules1
molecules1,200723_Blk_ProcessBlk_2,Ado-pB12,4.51,558,0,886,-6.4,molecules1
molecules1,200723_Blk_ProcessBlk_3,Ado-pB12,3.91,2143,0,2577,-6.2,molecules1
molecules1,200723_Poo_TruePoo_Full1,Ado-pB12,6.15,520,0,1387,6.7,molecules1
molecules1,200723_Poo_TruePoo_Full2,Ado-pB12,7.12,1313,0,3187,-7.5,molecules1
molecules1,200723_Poo_TruePoo_Full3,Ado-pB12,7.14,3551,0,4535,5.9,molecules1
molecules1,200723_Poo_TruePoo_Full4,Ado-pB12,4.89,1142,0,2258,-4.2,molecules1
molecules1,200723_Poo_TruePoo_Half1,Ado-pB12,3.63,821,0,1803,-3.4,molecules1
molecules1,200723_Poo_TruePoo_Half2,Ado-pB12,4.49,763,0,1697,-11.7,molecules1
molecules1,200723_Poo_TruePoo_Half3,Ado-pB12,4.51,5365,0,6415,6.6,molecules1
molecules1,200723_Poo_TruePoo_Half4,Ado-pB12,4.48,931,0,1947,5.3,molecules1
molecules1,200723_Smp_DSW700m_1,Ado-pB12,5.88,3912,0,3554,2.1,molecules1
molecules1,200723_Smp_DSW700m_2,Ado-pB12,4.81,1512,0,3464,1.6,molecules1
molecules1,200723_Smp_DSW700m_3,Ado-pB12,7.85,2470,0,3601,5,molecules1
molecules1,200723_Smp_DSW700m-IL2_1,Ado-pB12,5.05,1545,0,3101,3.1,molecules1
molecules1,200723_Smp_DSW700m-IL2_2,Ado-pB12,6.7,1421,0,3880,2.3,molecules1
molecules1,200723_Smp_DSW700m-IL2_3,Ado-pB12,5.89,1618,0,3580,0.3,molecules1
molecules1,200723_Smp_IL1Control_1,Ado-pB12,3.59,785,0,1486,-10,molecules1
molecules1,200723_Smp_IL1Control_2,Ado-pB12,4.76,1325,0,2332,4,molecules1
molecules1,200723_Smp_IL1Control_3,Ado-pB12,4.64,1318,0,2918,0,molecules1
molecules1,200723_Smp_IL1Control5um_1,Ado-pB12,6.13,577,0,2536,-7.3,molecules1
molecules1,200723_Smp_IL1Control5um_2,Ado-pB12,6.94,1407,0,2364,0.6,molecules1
molecules1,200723_Smp_IL1Control5um_3,Ado-pB12,6.65,820,0,2851,1.9,molecules1
molecules1,200723_Smp_IL1DMB_1,Ado-pB12,4.87,1236,0,2473,2.6,molecules1
molecules1,200723_Smp_IL1DMB_2,Ado-pB12,4.56,1163,0,2251,-0.5,molecules1
molecules1,200723_Smp_IL1DMB_3,Ado-pB12,4.29,1295,0,2787,1.8,molecules1
molecules1,200723_Smp_IL1DMB5um_1,Ado-pB12,6.35,763,0,2143,-1.1,molecules1
molecules1,200723_Smp_IL1DMB5um_2,Ado-pB12,7.51,1088,0,3165,3.9,molecules1
molecules1,200723_Smp_IL1DMB5um_3,Ado-pB12,7.52,1397,0,3141,0.6,molecules1
molecules1,200723_Smp_IL1DMBnoBT_1,Ado-pB12,4.19,2280,0,2725,-0.5,molecules1
molecules1,200723_Smp_IL1DMBnoBT_2,Ado-pB12,4.41,1188,0,2191,-3.1,molecules1
molecules1,200723_Smp_IL1DMBnoBT5um_1,Ado-pB12,6.43,1257,0,4016,1.9,molecules1
molecules1,200723_Smp_IL1DMBnoBT5um_2,Ado-pB12,7.7,1327,0,3474,5.2,molecules1
molecules1,200723_Smp_IL1DMBnoBT5um_3,Ado-pB12,7.05,1463,0,3398,3.3,molecules1
molecules1,200723_Smp_IL1DSW_1,Ado-pB12,5.44,1466,0,2246,1.6,molecules1
molecules1,200723_Smp_IL1DSW_2,Ado-pB12,4.42,1259,0,2808,0,molecules1
molecules1,200723_Smp_IL1DSW_3,Ado-pB12,6.6,1261,0,3329,-2.8,molecules1
molecules1,200723_Smp_IL1DSW5um_1,Ado-pB12,5.95,760,0,2844,0.1,molecules1
molecules1,200723_Smp_IL1DSW5um_2,Ado-pB12,8.37,1350,0,3324,3.2,molecules1
molecules1,200723_Smp_IL1DSW5um_3,Ado-pB12,6.83,739,0,1792,3.5,molecules1
molecules1,200723_Smp_IL1noBT_1,Ado-pB12,4.89,1135,0,2579,-7.8,molecules1
molecules1,200723_Smp_IL1noBT_2,Ado-pB12,4.6,1652,0,3101,5.4,molecules1
molecules1,200723_Smp_IL1noBT_3,Ado-pB12,4.48,1463,0,2735,3.5,molecules1
molecules1,200723_Smp_IL1noBT5um_1,Ado-pB12,5.81,821,0,1986,-0.6,molecules1
molecules1,200723_Smp_IL1noBT5um_2,Ado-pB12,6,580,0,1761,1.6,molecules1
molecules1,200723_Smp_IL1noBT5um_3,Ado-pB12,7.87,2983,0,3599,1.4,molecules1
molecules1,200723_Smp_IL1WBT_1,Ado-pB12,5.39,834,0,2805,-1.1,molecules1
molecules1,200723_Smp_IL1WBT_2,Ado-pB12,4.26,1224,0,2312,-2.2,molecules1
molecules1,200723_Smp_IL1WBT_3,Ado-pB12,4.34,1611,0,2800,1.6,molecules1
molecules1,200723_Smp_IL1WBT5um_1,Ado-pB12,7.32,642,0,1560,2.4,molecules1
molecules1,200723_Smp_IL1WBT5um_1_2nd-Inj_35uL,Ado-pB12,3.57,515,0,919,-10.6,molecules1
molecules1,200723_Smp_IL1WBT5um_2,Ado-pB12,6.83,1568,0,3749,5.6,molecules1
molecules1,200723_Smp_IL1WBT5um_3,Ado-pB12,6.94,1518,0,3480,8.2,molecules1
molecules1,200723_Smp_IL1T0_1,Ado-pB12,3.58,1507,0,3030,-1.7,molecules1
molecules1,200723_Smp_IL1T0_2,Ado-pB12,4.96,912,0,2329,-9.3,molecules1
molecules1,200723_Smp_IL1T0_3,Ado-pB12,4.5,1453,0,3054,-1.6,molecules1
molecules1,200723_Smp_IL1T05um_1,Ado-pB12,5.3,860,0,3579,-3.8,molecules1
molecules1,200723_Smp_IL1T05um_2,Ado-pB12,6.82,1150,0,1994,7.8,molecules1
molecules1,200723_Smp_IL1T05um_3,Ado-pB12,7.56,2616,0,3128,5.3,molecules1
molecules1,200723_Smp_IL2Control_1,Ado-pB12,5.22,2157,0,3313,-0.1,molecules1
molecules1,200723_Smp_IL2Control_2,Ado-pB12,4.31,4099,0,3641,-0.6,molecules1
molecules1,200723_Smp_IL2Control_3,Ado-pB12,4.87,3069,0,3598,0.4,molecules1
molecules1,200723_Smp_IL2Control5um_1,Ado-pB12,7.97,3663,0,3794,6.8,molecules1
molecules1,200723_Smp_IL2Control5um_2,Ado-pB12,7.83,2437,0,3903,3.9,molecules1
molecules1,200723_Smp_IL2Control5um_3,Ado-pB12,7.65,1340,0,3114,4.9,molecules1
molecules1,200723_Smp_IL2DMB_1,Ado-pB12,5.93,1784,0,3568,0.3,molecules1
molecules1,200723_Smp_IL2DMB_2,Ado-pB12,5.43,2046,0,5188,4.3,molecules1
molecules1,200723_Smp_IL2DMB_3,Ado-pB12,4.79,2195,0,4478,-1.8,molecules1
molecules1,200723_Smp_IL2DMB5um_1,Ado-pB12,6.93,2425,0,4790,1.1,molecules1
molecules1,200723_Smp_IL2DMB5um_2,Ado-pB12,7.01,1915,0,4522,0.2,molecules1
molecules1,200723_Smp_IL2DMB5um_3,Ado-pB12,6.7,1283,0,4478,0.3,molecules1
molecules1,200723_Smp_IL2DMBnoBT_1,Ado-pB12,5.54,2017,0,3265,3.3,molecules1
molecules1,200723_Smp_IL2DMBnoBT_2,Ado-pB12,4.52,1546,0,2927,1.8,molecules1
molecules1,200723_Smp_IL2DMBnoBT_3,Ado-pB12,4.13,1617,0,3687,-1.8,molecules1
molecules1,200723_Smp_IL2DMBnoBT5um_1,Ado-pB12,6.47,1190,0,3029,9,molecules1
molecules1,200723_Smp_IL2DMBnoBT5um_2,Ado-pB12,7.12,1351,0,3107,11.3,molecules1
molecules1,200723_Smp_IL2DMBnoBT5um_3,Ado-pB12,7.19,1750,0,2345,3.6,molecules1
molecules1,200723_Smp_IL2DSW_1,Ado-pB12,5.66,1881,0,2036,3.2,molecules1
molecules1,200723_Smp_IL2DSW_2,Ado-pB12,5.22,2543,0,3877,5,molecules1
molecules1,200723_Smp_IL2DSW_3,Ado-pB12,4.5,1746,0,4147,5.3,molecules1
molecules1,200723_Smp_IL2DSW5um_1,Ado-pB12,7.2,1301,0,2939,-0.4,molecules1
molecules1,200723_Smp_IL2DSW5um_2,Ado-pB12,4.71,1215,0,2429,-4.5,molecules1
molecules1,200723_Smp_IL2DSW5um_3,Ado-pB12,7.56,2444,0,4103,3.9,molecules1
molecules1,200723_Smp_IL2noBT_1,Ado-pB12,6.34,1980,0,4162,5.5,molecules1
molecules1,200723_Smp_IL2noBT_2,Ado-pB12,7.76,2312,0,3789,-2.8,molecules1
molecules1,200723_Smp_IL2noBT_3,Ado-pB12,5.98,1818,0,3090,2.2,molecules1
molecules1,200723_Smp_IL2noBT5um_1,Ado-pB12,7.25,2527,0,3496,3.4,molecules1
molecules1,200723_Smp_IL2noBT5um_2,Ado-pB12,6.52,1660,0,2869,1.8,molecules1
molecules1,200723_Smp_IL2noBT5um_3,Ado-pB12,7.06,2205,0,3629,3.7,molecules1
molecules1,200723_Smp_IL2WBT_1,Ado-pB12,5.12,1518,0,4226,6.4,molecules1
molecules1,200723_Smp_IL2WBT_2,Ado-pB12,4.49,516,0,957,9.7,molecules1
molecules1,200723_Smp_IL2WBT_3,Ado-pB12,6.31,1773,0,3381,1.2,molecules1
molecules1,200723_Smp_IL2WBT5um_1,Ado-pB12,7.01,1957,0,3168,1.8,molecules1
molecules1,200723_Smp_IL2WBT5um_2,Ado-pB12,3.58,242,0,464,-7,molecules1
molecules1,200723_Smp_IL2WBT5um_3,Ado-pB12,4.18,1705,0,3283,-0.5,molecules1
molecules1,200723_Smp_IL2T0_1,Ado-pB12,5.94,2560,0,2717,3.9,molecules1
molecules1,200723_Smp_IL2T0_2,Ado-pB12,7.38,2412,0,4036,5.1,molecules1
molecules1,200723_Smp_IL2T0_3,Ado-pB12,5.51,1632,0,2567,5,molecules1
molecules1,200723_Smp_IL2T05um_1,Ado-pB12,6.41,2208,0,3538,7.9,molecules1
molecules1,200723_Smp_IL2T05um_2,Ado-pB12,6.43,1412,0,2915,0.3,molecules1
molecules1,200723_Smp_IL2T05um_3,Ado-pB12,5.17,697,0,1934,-1.3,molecules1
molecules1,200723_Std_250nMStdinH2O_5uL-1,OH-B12,4.34,11535805,100839,2110360,0.4,molecules1
molecules1,200723_Std_250nMStdinH2O_5uL-2,OH-B12,4.36,13464907,150430,2480474,1.2,molecules1
molecules1,200723_Std_250nMStdsInH20_10uL-1,OH-B12,4.33,26566508,388909,4876225,0.4,molecules1
molecules1,200723_Std_250nMStdinH2O_10uL-2,OH-B12,4.36,26996382,458184,4862527,1.7,molecules1
molecules1,200723_Std_250nMStdinAqMatrix_5uL-1,OH-B12,4.34,9367706,139236,1860336,0.5,molecules1
molecules1,200723_Std_250nMStdinAqMatrix_5uL-2,OH-B12,4.35,15222201,415006,2731147,1.8,molecules1
molecules1,200723_Std_250nMStdsInAqMatrix_10uL-1,OH-B12,4.34,27343420,556601,5148464,0.5,molecules1
molecules1,200723_Std_250nMStdinAqMatrix_10uL-2,OH-B12,4.36,31371016,927936,5824768,1.5,molecules1
molecules1,200723_Std_H2OinAqMatrix_5uL-1,OH-B12,4.32,16075,0,4722,0.8,molecules1
molecules1,200723_Std_H2OinAqMatrix_5uL-2,OH-B12,4.3,360,0,590,-12.9,molecules1
molecules1,200723_Std_H2OinAqMatrix_10uL-1,OH-B12,4.32,1936,0,2441,-8.8,molecules1
molecules1,200723_Std_H2OinAqMatrix_10uL-2,OH-B12,4.35,5148,77,4817,-0.9,molecules1
molecules1,200722_Smp_CultureMED4_1,OH-B12,4.28,262,0,282,-12.2,molecules1
molecules1,200722_Smp_CultureMED4_2,OH-B12,4.29,0,0,0,#N/A,molecules1
molecules1,200723_Blk_ProcessBlk_1,OH-B12,4.34,2497,0,2562,-14.1,molecules1
molecules1,200723_Blk_ProcessBlk_2,OH-B12,4.3,451,160,293,-16.2,molecules1
molecules1,200723_Blk_ProcessBlk_3,OH-B12,4.28,839,382,557,-18.8,molecules1
molecules1,200723_Poo_TruePoo_Full1,OH-B12,4.32,23069,0,5518,1.5,molecules1
molecules1,200723_Poo_TruePoo_Full2,OH-B12,4.34,16213,0,6262,-0.2,molecules1
molecules1,200723_Poo_TruePoo_Full3,OH-B12,4.35,13325,0,6633,0.7,molecules1
molecules1,200723_Poo_TruePoo_Full4,OH-B12,4.34,17944,0,7389,3.8,molecules1
molecules1,200723_Poo_TruePoo_Half1,OH-B12,4.36,9865,0,4463,-2.5,molecules1
molecules1,200723_Poo_TruePoo_Half2,OH-B12,4.33,2944,0,3321,-4.3,molecules1
molecules1,200723_Poo_TruePoo_Half3,OH-B12,4.31,3814,0,4148,2.7,molecules1
molecules1,200723_Poo_TruePoo_Half4,OH-B12,4.35,3855,0,2943,1.1,molecules1
molecules1,200723_Smp_DSW700m_1,OH-B12,4.33,21920,0,7161,1.4,molecules1
molecules1,200723_Smp_DSW700m_2,OH-B12,4.38,17579,0,6256,2.6,molecules1
molecules1,200723_Smp_DSW700m_3,OH-B12,4.33,25390,0,5925,0.7,molecules1
molecules1,200723_Smp_DSW700m-IL2_1,OH-B12,4.35,62656,0,17902,1.4,molecules1
molecules1,200723_Smp_DSW700m-IL2_2,OH-B12,4.36,30279,0,9548,2.6,molecules1
molecules1,200723_Smp_DSW700m-IL2_3,OH-B12,4.37,39066,0,12251,1.7,molecules1
molecules1,200723_Smp_IL1Control_1,OH-B12,4.36,2942,0,3279,-2.2,molecules1
molecules1,200723_Smp_IL1Control_2,OH-B12,4.33,10629,351,3907,-2.1,molecules1
molecules1,200723_Smp_IL1Control_3,OH-B12,4.36,3277,0,2298,-0.9,molecules1
molecules1,200723_Smp_IL1Control5um_1,OH-B12,4.36,9491,0,4481,0.5,molecules1
molecules1,200723_Smp_IL1Control5um_2,OH-B12,4.37,5604,0,3350,0.9,molecules1
molecules1,200723_Smp_IL1Control5um_3,OH-B12,4.34,53492,0,12903,1.7,molecules1
molecules1,200723_Smp_IL1DMB_1,OH-B12,4.25,0,0,0,#N/A,molecules1
molecules1,200723_Smp_IL1DMB_2,OH-B12,4.27,0,0,0,#N/A,molecules1
molecules1,200723_Smp_IL1DMB_3,OH-B12,4.24,0,0,0,#N/A,molecules1
molecules1,200723_Smp_IL1DMB5um_1,OH-B12,4.34,12331,0,6659,1,molecules1
molecules1,200723_Smp_IL1DMB5um_2,OH-B12,4.33,4457,0,4250,0.1,molecules1
molecules1,200723_Smp_IL1DMB5um_3,OH-B12,4.35,14475,0,5347,1.6,molecules1
molecules1,200723_Smp_IL1DMBnoBT_1,OH-B12,4.28,0,0,0,#N/A,molecules1
molecules1,200723_Smp_IL1DMBnoBT_2,OH-B12,4.33,412,770,1303,-0.3,molecules1
molecules1,200723_Smp_IL1DMBnoBT5um_1,OH-B12,4.33,3036,0,4443,0.5,molecules1
molecules1,200723_Smp_IL1DMBnoBT5um_2,OH-B12,4.33,7099,0,4151,1.3,molecules1
molecules1,200723_Smp_IL1DMBnoBT5um_3,OH-B12,4.26,0,0,0,#N/A,molecules1
molecules1,200723_Smp_IL1DSW_1,OH-B12,4.24,0,0,0,#N/A,molecules1
molecules1,200723_Smp_IL1DSW_2,OH-B12,4.26,376,206,846,-6.2,molecules1
molecules1,200723_Smp_IL1DSW_3,OH-B12,4.31,1258,31,2600,-0.9,molecules1
molecules1,200723_Smp_IL1DSW5um_1,OH-B12,4.33,19463,0,6357,0.5,molecules1
molecules1,200723_Smp_IL1DSW5um_2,OH-B12,4.32,15598,0,6780,2,molecules1
molecules1,200723_Smp_IL1DSW5um_3,OH-B12,4.34,4286,0,3324,0.7,molecules1
molecules1,200723_Smp_IL1noBT_1,OH-B12,4.3,636,0,867,-10.8,molecules1
molecules1,200723_Smp_IL1noBT_2,OH-B12,4.26,0,0,0,#N/A,molecules1
molecules1,200723_Smp_IL1noBT_3,OH-B12,4.27,0,0,0,#N/A,molecules1
molecules1,200723_Smp_IL1noBT5um_1,OH-B12,4.32,1584,0,3669,1.9,molecules1
molecules1,200723_Smp_IL1noBT5um_2,OH-B12,4.23,0,0,0,#N/A,molecules1
molecules1,200723_Smp_IL1noBT5um_3,OH-B12,4.33,44046,0,13229,0.9,molecules1
molecules1,200723_Smp_IL1WBT_1,OH-B12,4.36,103852,353,21794,0.1,molecules1
molecules1,200723_Smp_IL1WBT_2,OH-B12,4.32,63638,0,14741,1,molecules1
molecules1,200723_Smp_IL1WBT_3,OH-B12,4.34,192671,0,42274,1.4,molecules1
molecules1,200723_Smp_IL1WBT5um_1,OH-B12,4.34,226431,0,44108,0.4,molecules1
molecules1,200723_Smp_IL1WBT5um_1_2nd-Inj_35uL,OH-B12,4.35,227577,0,45441,0.4,molecules1
molecules1,200723_Smp_IL1WBT5um_2,OH-B12,4.36,124203,0,25315,1.4,molecules1
molecules1,200723_Smp_IL1WBT5um_3,OH-B12,4.33,287255,0,56259,1.6,molecules1
molecules1,200723_Smp_IL1T0_1,OH-B12,4.28,0,0,0,#N/A,molecules1
molecules1,200723_Smp_IL1T0_2,OH-B12,4.3,993,9,1500,-9.7,molecules1
molecules1,200723_Smp_IL1T0_3,OH-B12,4.33,1043,0,2384,0.2,molecules1
molecules1,200723_Smp_IL1T05um_1,OH-B12,4.34,2856,0,3313,0.3,molecules1
molecules1,200723_Smp_IL1T05um_2,OH-B12,4.35,1711,0,3123,3.1,molecules1
molecules1,200723_Smp_IL1T05um_3,OH-B12,4.32,10688,0,4279,1.2,molecules1
molecules1,200723_Smp_IL2Control_1,OH-B12,4.27,1437,0,2669,6.5,molecules1
molecules1,200723_Smp_IL2Control_2,OH-B12,4.26,0,0,0,#N/A,molecules1
molecules1,200723_Smp_IL2Control_3,OH-B12,4.27,0,0,0,#N/A,molecules1
molecules1,200723_Smp_IL2Control5um_1,OH-B12,4.26,0,0,0,#N/A,molecules1
molecules1,200723_Smp_IL2Control5um_2,OH-B12,4.25,0,0,0,#N/A,molecules1
molecules1,200723_Smp_IL2Control5um_3,OH-B12,4.38,7967,0,3767,0.7,molecules1
molecules1,200723_Smp_IL2DMB_1,OH-B12,4.28,0,0,0,#N/A,molecules1
molecules1,200723_Smp_IL2DMB_2,OH-B12,4.31,107,0,195,-8.6,molecules1
molecules1,200723_Smp_IL2DMB_3,OH-B12,4.26,0,0,0,#N/A,molecules1
molecules1,200723_Smp_IL2DMB5um_1,OH-B12,4.27,0,0,0,#N/A,molecules1
molecules1,200723_Smp_IL2DMB5um_2,OH-B12,4.27,0,0,0,#N/A,molecules1
molecules1,200723_Smp_IL2DMB5um_3,OH-B12,4.33,5229,0,3080,0.9,molecules1
molecules1,200723_Smp_IL2DMBnoBT_1,OH-B12,4.28,0,0,0,#N/A,molecules1
molecules1,200723_Smp_IL2DMBnoBT_2,OH-B12,4.28,0,0,0,#N/A,molecules1
molecules1,200723_Smp_IL2DMBnoBT_3,OH-B12,4.29,0,0,0,#N/A,molecules1
molecules1,200723_Smp_IL2DMBnoBT5um_1,OH-B12,4.29,0,0,0,#N/A,molecules1
molecules1,200723_Smp_IL2DMBnoBT5um_2,OH-B12,4.26,0,0,0,#N/A,molecules1
molecules1,200723_Smp_IL2DMBnoBT5um_3,OH-B12,4.28,0,0,0,#N/A,molecules1
molecules1,200723_Smp_IL2DSW_1,OH-B12,4.36,3260,0,2682,3.8,molecules1
molecules1,200723_Smp_IL2DSW_2,OH-B12,4.37,4118,0,3234,1.1,molecules1
molecules1,200723_Smp_IL2DSW_3,OH-B12,4.35,1939,0,3321,0.6,molecules1
molecules1,200723_Smp_IL2DSW5um_1,OH-B12,4.35,20934,0,6689,1.6,molecules1
molecules1,200723_Smp_IL2DSW5um_2,OH-B12,4.33,10460,0,5257,0,molecules1
molecules1,200723_Smp_IL2DSW5um_3,OH-B12,4.39,15046,0,5498,1.4,molecules1
molecules1,200723_Smp_IL2noBT_1,OH-B12,4.27,0,0,0,#N/A,molecules1
molecules1,200723_Smp_IL2noBT_2,OH-B12,4.25,0,0,0,#N/A,molecules1
molecules1,200723_Smp_IL2noBT_3,OH-B12,4.23,0,0,0,#N/A,molecules1
molecules1,200723_Smp_IL2noBT5um_1,OH-B12,4.27,0,0,0,#N/A,molecules1
molecules1,200723_Smp_IL2noBT5um_2,OH-B12,4.36,4501,0,3435,-0.6,molecules1
molecules1,200723_Smp_IL2noBT5um_3,OH-B12,4.28,0,0,0,#N/A,molecules1
molecules1,200723_Smp_IL2WBT_1,OH-B12,4.37,115455,0,21480,0.7,molecules1
molecules1,200723_Smp_IL2WBT_2,OH-B12,4.37,140079,0,29420,1.7,molecules1
molecules1,200723_Smp_IL2WBT_3,OH-B12,4.36,159340,0,32082,1.6,molecules1
molecules1,200723_Smp_IL2WBT5um_1,OH-B12,4.37,286664,0,57346,1.5,molecules1
molecules1,200723_Smp_IL2WBT5um_2,OH-B12,4.34,214435,0,44766,2.1,molecules1
molecules1,200723_Smp_IL2WBT5um_3,OH-B12,4.36,192852,0,40478,2,molecules1
molecules1,200723_Smp_IL2T0_1,OH-B12,4.29,0,0,0,#N/A,molecules1
molecules1,200723_Smp_IL2T0_2,OH-B12,4.33,1071,0,2495,1.1,molecules1
molecules1,200723_Smp_IL2T0_3,OH-B12,4.29,0,0,0,#N/A,molecules1
molecules1,200723_Smp_IL2T05um_1,OH-B12,4.33,1444,0,3023,-0.7,molecules1
molecules1,200723_Smp_IL2T05um_2,OH-B12,4.27,0,0,0,#N/A,molecules1
molecules1,200723_Smp_IL2T05um_3,OH-B12,4.37,7870,0,5508,0.7,molecules1
molecules1,200723_Std_250nMStdinH2O_5uL-1,OH-pB12,2.89,2003,0,2429,0.1,molecules1
molecules1,200723_Std_250nMStdinH2O_5uL-2,OH-pB12,3.51,663,0,781,-11.4,molecules1
molecules1,200723_Std_250nMStdsInH20_10uL-1,OH-pB12,3.43,1115,0,2109,3.6,molecules1
molecules1,200723_Std_250nMStdinH2O_10uL-2,OH-pB12,3.49,1214,0,2550,3.2,molecules1
molecules1,200723_Std_250nMStdinAqMatrix_5uL-1,OH-pB12,4.22,880,0,1968,-3.9,molecules1
molecules1,200723_Std_250nMStdinAqMatrix_5uL-2,OH-pB12,4.3,1340,0,2057,-0.8,molecules1
molecules1,200723_Std_250nMStdsInAqMatrix_10uL-1,OH-pB12,3.8,923,0,1742,-5,molecules1
molecules1,200723_Std_250nMStdinAqMatrix_10uL-2,OH-pB12,4.72,1737,0,1958,-4.8,molecules1
molecules1,200723_Std_H2OinAqMatrix_5uL-1,OH-pB12,3.95,1040,0,2362,0.6,molecules1
molecules1,200723_Std_H2OinAqMatrix_5uL-2,OH-pB12,3.42,1603,0,2156,-8.4,molecules1
molecules1,200723_Std_H2OinAqMatrix_10uL-1,OH-pB12,7.07,668,0,2442,1.1,molecules1
molecules1,200723_Std_H2OinAqMatrix_10uL-2,OH-pB12,4.37,1553,0,3033,-0.7,molecules1
molecules1,200722_Smp_CultureMED4_1,OH-pB12,3.53,145029,0,53734,-2,molecules1
molecules1,200722_Smp_CultureMED4_2,OH-pB12,3.53,101264,0,28687,-0.9,molecules1
molecules1,200723_Blk_ProcessBlk_1,OH-pB12,3.46,0,0,0,#N/A,molecules1
molecules1,200723_Blk_ProcessBlk_2,OH-pB12,3.45,0,0,0,#N/A,molecules1
molecules1,200723_Blk_ProcessBlk_3,OH-pB12,3.47,0,0,0,#N/A,molecules1
molecules1,200723_Poo_TruePoo_Full1,OH-pB12,3.49,0,0,0,#N/A,molecules1
molecules1,200723_Poo_TruePoo_Full2,OH-pB12,3.6,3777,0,1601,11.3,molecules1
molecules1,200723_Poo_TruePoo_Full3,OH-pB12,3.54,4506,0,1490,11.1,molecules1
molecules1,200723_Poo_TruePoo_Full4,OH-pB12,3.63,3502,0,1835,10.2,molecules1
molecules1,200723_Poo_TruePoo_Half1,OH-pB12,3.46,0,0,0,#N/A,molecules1
molecules1,200723_Poo_TruePoo_Half2,OH-pB12,3.46,1002,0,2038,-2.1,molecules1
molecules1,200723_Poo_TruePoo_Half3,OH-pB12,3.73,1781,0,2343,-3.1,molecules1
molecules1,200723_Poo_TruePoo_Half4,OH-pB12,4.26,1265,0,2339,1.3,molecules1
molecules1,200723_Smp_DSW700m_1,OH-pB12,3.55,870,0,1472,6.1,molecules1
molecules1,200723_Smp_DSW700m_2,OH-pB12,7.02,1468,0,2388,-7.7,molecules1
molecules1,200723_Smp_DSW700m_3,OH-pB12,3.57,1100,0,880,11.8,molecules1
molecules1,200723_Smp_DSW700m-IL2_1,OH-pB12,4.57,1035,0,2401,-2.7,molecules1
molecules1,200723_Smp_DSW700m-IL2_2,OH-pB12,3.61,1020,0,1349,16.5,molecules1
molecules1,200723_Smp_DSW700m-IL2_3,OH-pB12,3.61,1342,0,1759,9.6,molecules1
molecules1,200723_Smp_IL1Control_1,OH-pB12,4.88,838,0,1492,-6.1,molecules1
molecules1,200723_Smp_IL1Control_2,OH-pB12,4.21,1277,0,2832,-0.1,molecules1
molecules1,200723_Smp_IL1Control_3,OH-pB12,3.55,2484,0,1690,7.6,molecules1
molecules1,200723_Smp_IL1Control5um_1,OH-pB12,3.65,2379,0,1431,9.8,molecules1
molecules1,200723_Smp_IL1Control5um_2,OH-pB12,3.56,3247,0,1227,10.8,molecules1
molecules1,200723_Smp_IL1Control5um_3,OH-pB12,3.6,617,0,653,11.3,molecules1
molecules1,200723_Smp_IL1DMB_1,OH-pB12,3.6,601,0,955,6.2,molecules1
molecules1,200723_Smp_IL1DMB_2,OH-pB12,3.57,879,0,1183,7.2,molecules1
molecules1,200723_Smp_IL1DMB_3,OH-pB12,2.64,676,0,1344,-7.6,molecules1
molecules1,200723_Smp_IL1DMB5um_1,OH-pB12,3.6,3773,0,1910,11.6,molecules1
molecules1,200723_Smp_IL1DMB5um_2,OH-pB12,3.62,2909,0,2716,10.7,molecules1
molecules1,200723_Smp_IL1DMB5um_3,OH-pB12,3.56,3811,0,2178,13.5,molecules1
molecules1,200723_Smp_IL1DMBnoBT_1,OH-pB12,3.45,654,0,1226,-6,molecules1
molecules1,200723_Smp_IL1DMBnoBT_2,OH-pB12,4.01,1581,0,2988,-1,molecules1
molecules1,200723_Smp_IL1DMBnoBT5um_1,OH-pB12,3.54,1717,0,1217,8.7,molecules1
molecules1,200723_Smp_IL1DMBnoBT5um_2,OH-pB12,3.55,3855,0,2183,14.6,molecules1
molecules1,200723_Smp_IL1DMBnoBT5um_3,OH-pB12,3.58,4256,0,2004,11.7,molecules1
molecules1,200723_Smp_IL1DSW_1,OH-pB12,3.6,2273,0,1193,10,molecules1
molecules1,200723_Smp_IL1DSW_2,OH-pB12,3.55,1127,0,908,12.1,molecules1
molecules1,200723_Smp_IL1DSW_3,OH-pB12,4.42,1189,0,1960,-8.5,molecules1
molecules1,200723_Smp_IL1DSW5um_1,OH-pB12,3.6,2019,0,1346,12.2,molecules1
molecules1,200723_Smp_IL1DSW5um_2,OH-pB12,3.6,2351,0,1635,13.8,molecules1
molecules1,200723_Smp_IL1DSW5um_3,OH-pB12,3.53,2062,0,1038,7.7,molecules1
molecules1,200723_Smp_IL1noBT_1,OH-pB12,4.51,1206,0,2357,-0.5,molecules1
molecules1,200723_Smp_IL1noBT_2,OH-pB12,3.56,934,0,1661,9.9,molecules1
molecules1,200723_Smp_IL1noBT_3,OH-pB12,3.54,1097,0,1495,8.3,molecules1
molecules1,200723_Smp_IL1noBT5um_1,OH-pB12,3.62,2578,0,1349,9.5,molecules1
molecules1,200723_Smp_IL1noBT5um_2,OH-pB12,3.56,3320,0,1559,11.4,molecules1
molecules1,200723_Smp_IL1noBT5um_3,OH-pB12,3.6,6692,0,2282,15.9,molecules1
molecules1,200723_Smp_IL1WBT_1,OH-pB12,4.85,933,0,1803,2.8,molecules1
molecules1,200723_Smp_IL1WBT_2,OH-pB12,6.5,618,0,2140,2.2,molecules1
molecules1,200723_Smp_IL1WBT_3,OH-pB12,3.49,291,0,339,-12.1,molecules1
molecules1,200723_Smp_IL1WBT5um_1,OH-pB12,3.58,1771,0,1124,13.1,molecules1
molecules1,200723_Smp_IL1WBT5um_1_2nd-Inj_35uL,OH-pB12,3.59,3387,0,1695,12.5,molecules1
molecules1,200723_Smp_IL1WBT5um_2,OH-pB12,3.65,3707,0,2382,11.1,molecules1
molecules1,200723_Smp_IL1WBT5um_3,OH-pB12,3.55,6651,0,1941,11.9,molecules1
molecules1,200723_Smp_IL1T0_1,OH-pB12,3.61,1909,0,1229,8.6,molecules1
molecules1,200723_Smp_IL1T0_2,OH-pB12,4.27,676,0,1149,-6.6,molecules1
molecules1,200723_Smp_IL1T0_3,OH-pB12,3.57,3617,0,1674,9.5,molecules1
molecules1,200723_Smp_IL1T05um_1,OH-pB12,3.59,10042,0,3330,17,molecules1
molecules1,200723_Smp_IL1T05um_2,OH-pB12,3.57,2388,0,2239,8.8,molecules1
molecules1,200723_Smp_IL1T05um_3,OH-pB12,3.61,7889,0,2829,14.7,molecules1
molecules1,200723_Smp_IL2Control_1,OH-pB12,3.58,4673,0,2045,11.4,molecules1
molecules1,200723_Smp_IL2Control_2,OH-pB12,3.54,3377,0,2325,12.2,molecules1
molecules1,200723_Smp_IL2Control_3,OH-pB12,3.63,7173,0,2167,9.8,molecules1
molecules1,200723_Smp_IL2Control5um_1,OH-pB12,3.6,3104,0,1329,9.1,molecules1
molecules1,200723_Smp_IL2Control5um_2,OH-pB12,3.56,2395,0,1135,10.9,molecules1
molecules1,200723_Smp_IL2Control5um_3,OH-pB12,3.59,1652,0,833,9.8,molecules1
molecules1,200723_Smp_IL2DMB_1,OH-pB12,3.63,5687,0,2242,12.6,molecules1
molecules1,200723_Smp_IL2DMB_2,OH-pB12,3.56,2259,0,1110,11.4,molecules1
molecules1,200723_Smp_IL2DMB_3,OH-pB12,3.58,3083,0,1185,11.4,molecules1
molecules1,200723_Smp_IL2DMB5um_1,OH-pB12,3.58,2326,0,645,11.1,molecules1
molecules1,200723_Smp_IL2DMB5um_2,OH-pB12,3.57,3156,0,1143,13.3,molecules1
molecules1,200723_Smp_IL2DMB5um_3,OH-pB12,3.6,2228,0,973,12.3,molecules1
molecules1,200723_Smp_IL2DMBnoBT_1,OH-pB12,3.64,4085,0,2284,8.8,molecules1
molecules1,200723_Smp_IL2DMBnoBT_2,OH-pB12,3.61,4500,0,1818,13,molecules1
molecules1,200723_Smp_IL2DMBnoBT_3,OH-pB12,3.61,5539,0,3190,13.8,molecules1
molecules1,200723_Smp_IL2DMBnoBT5um_1,OH-pB12,3.59,4722,0,1400,12.6,molecules1
molecules1,200723_Smp_IL2DMBnoBT5um_2,OH-pB12,3.59,2442,0,978,14.2,molecules1
molecules1,200723_Smp_IL2DMBnoBT5um_3,OH-pB12,3.61,5153,0,1596,12.7,molecules1
molecules1,200723_Smp_IL2DSW_1,OH-pB12,3.56,2988,0,1658,9.2,molecules1
molecules1,200723_Smp_IL2DSW_2,OH-pB12,3.56,2089,0,1058,11.5,molecules1
molecules1,200723_Smp_IL2DSW_3,OH-pB12,3.63,4198,0,2112,8.4,molecules1
molecules1,200723_Smp_IL2DSW5um_1,OH-pB12,3.6,2648,0,1245,11.2,molecules1
molecules1,200723_Smp_IL2DSW5um_2,OH-pB12,3.62,1482,0,1020,9.6,molecules1
molecules1,200723_Smp_IL2DSW5um_3,OH-pB12,3.59,2187,0,1266,11.3,molecules1
molecules1,200723_Smp_IL2noBT_1,OH-pB12,3.63,4547,0,1746,12.2,molecules1
molecules1,200723_Smp_IL2noBT_2,OH-pB12,3.57,4459,0,2284,12.2,molecules1
molecules1,200723_Smp_IL2noBT_3,OH-pB12,3.64,7025,0,2192,16.2,molecules1
molecules1,200723_Smp_IL2noBT5um_1,OH-pB12,3.56,1114,0,1126,12.2,molecules1
molecules1,200723_Smp_IL2noBT5um_2,OH-pB12,3.64,5640,0,2499,10.4,molecules1
molecules1,200723_Smp_IL2noBT5um_3,OH-pB12,3.57,3096,0,1419,10.4,molecules1
molecules1,200723_Smp_IL2WBT_1,OH-pB12,3.6,6439,0,3395,15,molecules1
molecules1,200723_Smp_IL2WBT_2,OH-pB12,3.6,1720,0,880,9.2,molecules1
molecules1,200723_Smp_IL2WBT_3,OH-pB12,3.68,4968,0,2254,8.1,molecules1
molecules1,200723_Smp_IL2WBT5um_1,OH-pB12,3.61,3151,0,1315,12.5,molecules1
molecules1,200723_Smp_IL2WBT5um_2,OH-pB12,3.62,2457,0,1297,12.3,molecules1
molecules1,200723_Smp_IL2WBT5um_3,OH-pB12,3.57,4005,0,2320,11.4,molecules1
molecules1,200723_Smp_IL2T0_1,OH-pB12,3.61,5975,0,2090,13.4,molecules1
molecules1,200723_Smp_IL2T0_2,OH-pB12,3.54,3068,0,1744,8.5,molecules1
molecules1,200723_Smp_IL2T0_3,OH-pB12,3.59,1352,0,770,10,molecules1
molecules1,200723_Smp_IL2T05um_1,OH-pB12,3.59,2147,0,1099,11.1,molecules1
molecules1,200723_Smp_IL2T05um_2,OH-pB12,3.6,4245,0,2575,10.7,molecules1
molecules1,200723_Smp_IL2T05um_3,OH-pB12,3.55,2667,0,1533,12.9,molecules1
molecules1,200723_Std_250nMStdinH2O_5uL-1,CN-B12,5.07,3619616,55865,1242943,2.7,molecules1
molecules1,200723_Std_250nMStdinH2O_5uL-2,CN-B12,5.08,4687848,11181,1614393,3.6,molecules1
molecules1,200723_Std_250nMStdsInH20_10uL-1,CN-B12,5.08,7904230,47250,2788202,2.9,molecules1
molecules1,200723_Std_250nMStdinH2O_10uL-2,CN-B12,5.09,9436263,94205,3320633,4,molecules1
molecules1,200723_Std_250nMStdinAqMatrix_5uL-1,CN-B12,5.07,2474267,25944,834394,2.7,molecules1
molecules1,200723_Std_250nMStdinAqMatrix_5uL-2,CN-B12,5.09,4303095,36697,1483715,4.1,molecules1
molecules1,200723_Std_250nMStdsInAqMatrix_10uL-1,CN-B12,5.08,7043460,54039,2445522,2.8,molecules1
molecules1,200723_Std_250nMStdinAqMatrix_10uL-2,CN-B12,5.09,9022648,65347,3152679,3.9,molecules1
molecules1,200723_Std_H2OinAqMatrix_5uL-1,CN-B12,5.07,1133,0,3460,2.2,molecules1
molecules1,200723_Std_H2OinAqMatrix_5uL-2,CN-B12,4.53,687,0,1582,-8.7,molecules1
molecules1,200723_Std_H2OinAqMatrix_10uL-1,CN-B12,6.86,371,0,1436,11.6,molecules1
molecules1,200723_Std_H2OinAqMatrix_10uL-2,CN-B12,5.2,668,0,2550,-3.1,molecules1
molecules1,200722_Smp_CultureMED4_1,CN-B12,4.98,7857,143,4255,-7.2,molecules1
molecules1,200722_Smp_CultureMED4_2,CN-B12,5,4791,1374,3293,-0.1,molecules1
molecules1,200723_Blk_ProcessBlk_1,CN-B12,5.03,76,0,263,4.9,molecules1
molecules1,200723_Blk_ProcessBlk_2,CN-B12,5.33,235,0,697,-5.2,molecules1
molecules1,200723_Blk_ProcessBlk_3,CN-B12,2.67,246,0,511,-3.2,molecules1
molecules1,200723_Poo_TruePoo_Full1,CN-B12,1.7,884,0,550,17.4,molecules1
molecules1,200723_Poo_TruePoo_Full2,CN-B12,5.12,331,0,1119,3.7,molecules1
molecules1,200723_Poo_TruePoo_Full3,CN-B12,5.3,549,0,2180,1.4,molecules1
molecules1,200723_Poo_TruePoo_Full4,CN-B12,7.38,690,0,1456,12.2,molecules1
molecules1,200723_Poo_TruePoo_Half1,CN-B12,5.52,498,0,1826,-1.6,molecules1
molecules1,200723_Poo_TruePoo_Half2,CN-B12,5.28,608,0,1766,-1.5,molecules1
molecules1,200723_Poo_TruePoo_Half3,CN-B12,5.39,780,0,2588,-0.7,molecules1
molecules1,200723_Poo_TruePoo_Half4,CN-B12,5.22,608,0,2434,0.6,molecules1
molecules1,200723_Smp_DSW700m_1,CN-B12,6.9,533,0,2304,0.6,molecules1
molecules1,200723_Smp_DSW700m_2,CN-B12,6.96,722,0,2523,-2.1,molecules1
molecules1,200723_Smp_DSW700m_3,CN-B12,5.13,332,0,1033,8.4,molecules1
molecules1,200723_Smp_DSW700m-IL2_1,CN-B12,5.13,677,0,2421,1.1,molecules1
molecules1,200723_Smp_DSW700m-IL2_2,CN-B12,4.46,646,0,1411,3.7,molecules1
molecules1,200723_Smp_DSW700m-IL2_3,CN-B12,6.08,563,0,2447,6.4,molecules1
molecules1,200723_Smp_IL1Control_1,CN-B12,#N/A,#N/A,#N/A,#N/A,#N/A,molecules1
molecules1,200723_Smp_IL1Control_2,CN-B12,3.9,291,0,533,7.7,molecules1
molecules1,200723_Smp_IL1Control_3,CN-B12,7.65,321,0,1121,-2.5,molecules1
molecules1,200723_Smp_IL1Control5um_1,CN-B12,4.87,1028,0,1970,-1.1,molecules1
molecules1,200723_Smp_IL1Control5um_2,CN-B12,4.72,2182,0,2604,1.4,molecules1
molecules1,200723_Smp_IL1Control5um_3,CN-B12,4.46,1211,0,2141,3.9,molecules1
molecules1,200723_Smp_IL1DMB_1,CN-B12,4.53,1129,0,2218,-0.5,molecules1
molecules1,200723_Smp_IL1DMB_2,CN-B12,5.72,349,0,979,5.2,molecules1
molecules1,200723_Smp_IL1DMB_3,CN-B12,6.33,216,0,622,10,molecules1
molecules1,200723_Smp_IL1DMB5um_1,CN-B12,4.91,1380,0,2966,1.6,molecules1
molecules1,200723_Smp_IL1DMB5um_2,CN-B12,6.88,237,0,608,-8.4,molecules1
molecules1,200723_Smp_IL1DMB5um_3,CN-B12,6.2,63,0,277,18.2,molecules1
molecules1,200723_Smp_IL1DMBnoBT_1,CN-B12,5.03,365,0,1122,-7.6,molecules1
molecules1,200723_Smp_IL1DMBnoBT_2,CN-B12,5.21,512,0,1547,3.1,molecules1
molecules1,200723_Smp_IL1DMBnoBT5um_1,CN-B12,4.02,1010,0,1960,6.8,molecules1
molecules1,200723_Smp_IL1DMBnoBT5um_2,CN-B12,5.72,346,0,852,8.4,molecules1
molecules1,200723_Smp_IL1DMBnoBT5um_3,CN-B12,5.77,409,0,1294,7.7,molecules1
molecules1,200723_Smp_IL1DSW_1,CN-B12,4.41,687,0,1497,4.1,molecules1
molecules1,200723_Smp_IL1DSW_2,CN-B12,#N/A,#N/A,#N/A,#N/A,#N/A,molecules1
molecules1,200723_Smp_IL1DSW_3,CN-B12,4.99,413,0,1702,1.1,molecules1
molecules1,200723_Smp_IL1DSW5um_1,CN-B12,4.92,1585,0,3042,1.8,molecules1
molecules1,200723_Smp_IL1DSW5um_2,CN-B12,1.69,19231,0,7663,13.8,molecules1
molecules1,200723_Smp_IL1DSW5um_3,CN-B12,5.79,385,0,1195,4.2,molecules1
molecules1,200723_Smp_IL1noBT_1,CN-B12,8.29,566,0,1584,-0.5,molecules1
molecules1,200723_Smp_IL1noBT_2,CN-B12,5.02,492,0,1895,-1.5,molecules1
molecules1,200723_Smp_IL1noBT_3,CN-B12,4.64,444,0,828,-6.3,molecules1
molecules1,200723_Smp_IL1noBT5um_1,CN-B12,4.99,5978,978,5585,1.8,molecules1
molecules1,200723_Smp_IL1noBT5um_2,CN-B12,5.62,650,0,1851,2.1,molecules1
molecules1,200723_Smp_IL1noBT5um_3,CN-B12,4.48,1442,0,2573,3.5,molecules1
molecules1,200723_Smp_IL1WBT_1,CN-B12,#N/A,#N/A,#N/A,#N/A,#N/A,molecules1
molecules1,200723_Smp_IL1WBT_2,CN-B12,5.03,94,0,421,0.5,molecules1
molecules1,200723_Smp_IL1WBT_3,CN-B12,5.84,618,0,2054,1,molecules1
molecules1,200723_Smp_IL1WBT5um_1,CN-B12,#N/A,#N/A,#N/A,#N/A,#N/A,molecules1
molecules1,200723_Smp_IL1WBT5um_1_2nd-Inj_35uL,CN-B12,#N/A,#N/A,#N/A,#N/A,#N/A,molecules1
molecules1,200723_Smp_IL1WBT5um_2,CN-B12,6.39,1384,0,649,15.9,molecules1
molecules1,200723_Smp_IL1WBT5um_3,CN-B12,4.83,1633,0,3542,0.5,molecules1
molecules1,200723_Smp_IL1T0_1,CN-B12,5.6,305,0,862,-7.4,molecules1
molecules1,200723_Smp_IL1T0_2,CN-B12,#N/A,#N/A,#N/A,#N/A,#N/A,molecules1
molecules1,200723_Smp_IL1T0_3,CN-B12,5.31,433,0,1418,-2.3,molecules1
molecules1,200723_Smp_IL1T05um_1,CN-B12,7.73,412,0,962,5.4,molecules1
molecules1,200723_Smp_IL1T05um_2,CN-B12,6.84,598,0,1488,-4.8,molecules1
molecules1,200723_Smp_IL1T05um_3,CN-B12,6.64,69,0,293,-18.4,molecules1
molecules1,200723_Smp_IL2Control_1,CN-B12,5.04,589,0,1425,-1.4,molecules1
molecules1,200723_Smp_IL2Control_2,CN-B12,5.11,381,0,1374,-9,molecules1
molecules1,200723_Smp_IL2Control_3,CN-B12,5.69,573,0,1779,-9.5,molecules1
molecules1,200723_Smp_IL2Control5um_1,CN-B12,5,683,0,2863,-0.1,molecules1
molecules1,200723_Smp_IL2Control5um_2,CN-B12,7.24,388,0,1138,7.8,molecules1
molecules1,200723_Smp_IL2Control5um_3,CN-B12,4.75,2704,0,3800,4.3,molecules1
molecules1,200723_Smp_IL2DMB_1,CN-B12,5.78,712,0,2779,1.5,molecules1
molecules1,200723_Smp_IL2DMB_2,CN-B12,5.76,444,0,1141,5.2,molecules1
molecules1,200723_Smp_IL2DMB_3,CN-B12,4.96,467,0,1182,-4.9,molecules1
molecules1,200723_Smp_IL2DMB5um_1,CN-B12,4.86,954,0,2062,5.5,molecules1
molecules1,200723_Smp_IL2DMB5um_2,CN-B12,5.87,266,0,1103,-12.6,molecules1
molecules1,200723_Smp_IL2DMB5um_3,CN-B12,4.61,208,0,476,4.7,molecules1
molecules1,200723_Smp_IL2DMBnoBT_1,CN-B12,4.35,627,0,1160,8.7,molecules1
molecules1,200723_Smp_IL2DMBnoBT_2,CN-B12,4.21,1194,0,2492,0.7,molecules1
molecules1,200723_Smp_IL2DMBnoBT_3,CN-B12,5.02,507,0,1698,0.6,molecules1
molecules1,200723_Smp_IL2DMBnoBT5um_1,CN-B12,4.57,1071,0,2462,2.2,molecules1
molecules1,200723_Smp_IL2DMBnoBT5um_2,CN-B12,5.68,695,0,2028,-0.6,molecules1
molecules1,200723_Smp_IL2DMBnoBT5um_3,CN-B12,2.92,1952,0,3765,-2.5,molecules1
molecules1,200723_Smp_IL2DSW_1,CN-B12,4.58,867,0,1877,-2.9,molecules1
molecules1,200723_Smp_IL2DSW_2,CN-B12,5.58,263,0,681,-7.7,molecules1
molecules1,200723_Smp_IL2DSW_3,CN-B12,4.52,580,0,1050,-8.5,molecules1
molecules1,200723_Smp_IL2DSW5um_1,CN-B12,5.35,821,0,2217,2,molecules1
molecules1,200723_Smp_IL2DSW5um_2,CN-B12,4.77,1611,0,3021,1.5,molecules1
molecules1,200723_Smp_IL2DSW5um_3,CN-B12,4.58,2636,0,5489,-0.8,molecules1
molecules1,200723_Smp_IL2noBT_1,CN-B12,5.38,237,0,656,6.6,molecules1
molecules1,200723_Smp_IL2noBT_2,CN-B12,5.1,742,0,2165,5.5,molecules1
molecules1,200723_Smp_IL2noBT_3,CN-B12,5.09,499,0,1435,1.7,molecules1
molecules1,200723_Smp_IL2noBT5um_1,CN-B12,4.62,1508,0,2949,1.9,molecules1
molecules1,200723_Smp_IL2noBT5um_2,CN-B12,4.33,1573,0,2823,0.9,molecules1
molecules1,200723_Smp_IL2noBT5um_3,CN-B12,4.6,1967,0,3230,0.5,molecules1
molecules1,200723_Smp_IL2WBT_1,CN-B12,5.86,487,0,1571,-3.5,molecules1
molecules1,200723_Smp_IL2WBT_2,CN-B12,4.96,233,0,1020,-14.2,molecules1
molecules1,200723_Smp_IL2WBT_3,CN-B12,5.2,393,0,1144,-7.3,molecules1
molecules1,200723_Smp_IL2WBT5um_1,CN-B12,4.36,1286,0,2585,2.7,molecules1
molecules1,200723_Smp_IL2WBT5um_2,CN-B12,#N/A,#N/A,#N/A,#N/A,#N/A,molecules1
molecules1,200723_Smp_IL2WBT5um_3,CN-B12,5.05,545,0,1884,3,molecules1
molecules1,200723_Smp_IL2T0_1,CN-B12,4.55,1196,0,2694,3.2,molecules1
molecules1,200723_Smp_IL2T0_2,CN-B12,5.31,660,0,2597,0.3,molecules1
molecules1,200723_Smp_IL2T0_3,CN-B12,4.09,691,0,1223,5.8,molecules1
molecules1,200723_Smp_IL2T05um_1,CN-B12,4.73,5791,0,4250,0.7,molecules1
molecules1,200723_Smp_IL2T05um_2,CN-B12,6.18,693,0,2377,2.5,molecules1
molecules1,200723_Smp_IL2T05um_3,CN-B12,5.07,697,0,2599,0.6,molecules1
molecules1,200723_Std_250nMStdinH2O_5uL-1,CN-pB12,4.33,263058,0,54133,15.3,molecules1
molecules1,200723_Std_250nMStdinH2O_5uL-2,CN-pB12,4.36,294293,6798,74696,15.6,molecules1
molecules1,200723_Std_250nMStdsInH20_10uL-1,CN-pB12,4.35,616605,24509,131465,15.2,molecules1
molecules1,200723_Std_250nMStdinH2O_10uL-2,CN-pB12,4.35,620559,31481,129950,16,molecules1
molecules1,200723_Std_250nMStdinAqMatrix_5uL-1,CN-pB12,4.35,199124,2723,39914,15.4,molecules1
molecules1,200723_Std_250nMStdinAqMatrix_5uL-2,CN-pB12,4.35,319709,17502,73203,15.6,molecules1
molecules1,200723_Std_250nMStdsInAqMatrix_10uL-1,CN-pB12,4.33,600559,31144,130247,15.3,molecules1
molecules1,200723_Std_250nMStdinAqMatrix_10uL-2,CN-pB12,4.36,722988,28844,160516,15.6,molecules1
molecules1,200723_Std_H2OinAqMatrix_5uL-1,CN-pB12,7.17,139,0,326,13.2,molecules1
molecules1,200723_Std_H2OinAqMatrix_5uL-2,CN-pB12,3.78,2359,0,2998,6.4,molecules1
molecules1,200723_Std_H2OinAqMatrix_10uL-1,CN-pB12,#N/A,#N/A,#N/A,#N/A,#N/A,molecules1
molecules1,200723_Std_H2OinAqMatrix_10uL-2,CN-pB12,4.27,560,0,970,8,molecules1
molecules1,200722_Smp_CultureMED4_1,CN-pB12,4.55,338507,0,103859,-1.7,molecules1
molecules1,200722_Smp_CultureMED4_2,CN-pB12,4.56,383976,0,116177,-0.8,molecules1
molecules1,200723_Blk_ProcessBlk_1,CN-pB12,5.49,172,0,538,8.4,molecules1
molecules1,200723_Blk_ProcessBlk_2,CN-pB12,3.98,1062,0,2228,-0.4,molecules1
molecules1,200723_Blk_ProcessBlk_3,CN-pB12,3.7,291,0,548,5.6,molecules1
molecules1,200723_Poo_TruePoo_Full1,CN-pB12,8.34,371,0,1679,-0.2,molecules1
molecules1,200723_Poo_TruePoo_Full2,CN-pB12,6.63,577,0,1719,6,molecules1
molecules1,200723_Poo_TruePoo_Full3,CN-pB12,3.84,592,0,1232,11.8,molecules1
molecules1,200723_Poo_TruePoo_Full4,CN-pB12,4.94,1013,0,1898,5.7,molecules1
molecules1,200723_Poo_TruePoo_Half1,CN-pB12,8.32,367,0,1554,-9.2,molecules1
molecules1,200723_Poo_TruePoo_Half2,CN-pB12,4.11,1317,0,2750,0.3,molecules1
molecules1,200723_Poo_TruePoo_Half3,CN-pB12,4.26,1256,0,2485,-5.2,molecules1
molecules1,200723_Poo_TruePoo_Half4,CN-pB12,4.13,1278,0,2300,3.6,molecules1
molecules1,200723_Smp_DSW700m_1,CN-pB12,5.28,477,0,1174,5.2,molecules1
molecules1,200723_Smp_DSW700m_2,CN-pB12,1.51,4080,0,10595,-12.5,molecules1
molecules1,200723_Smp_DSW700m_3,CN-pB12,4.77,1460,0,2958,-1.2,molecules1
molecules1,200723_Smp_DSW700m-IL2_1,CN-pB12,4.7,185,0,338,-7.8,molecules1
molecules1,200723_Smp_DSW700m-IL2_2,CN-pB12,4.14,1114,0,2034,4.4,molecules1
molecules1,200723_Smp_DSW700m-IL2_3,CN-pB12,5.92,566,0,2253,0.6,molecules1
molecules1,200723_Smp_IL1Control_1,CN-pB12,#N/A,#N/A,#N/A,#N/A,#N/A,molecules1
molecules1,200723_Smp_IL1Control_2,CN-pB12,5.1,323,0,1035,11,molecules1
molecules1,200723_Smp_IL1Control_3,CN-pB12,3.03,126,0,281,-14.5,molecules1
molecules1,200723_Smp_IL1Control5um_1,CN-pB12,6.75,485,0,1588,-8.5,molecules1
molecules1,200723_Smp_IL1Control5um_2,CN-pB12,1.51,9866,0,24951,-11.6,molecules1
molecules1,200723_Smp_IL1Control5um_3,CN-pB12,4.23,377,0,742,6.8,molecules1
molecules1,200723_Smp_IL1DMB_1,CN-pB12,2.34,1091,0,2116,3.8,molecules1
molecules1,200723_Smp_IL1DMB_2,CN-pB12,4.95,1108,0,2205,-1.2,molecules1
molecules1,200723_Smp_IL1DMB_3,CN-pB12,4.75,138,0,300,-6.6,molecules1
molecules1,200723_Smp_IL1DMB5um_1,CN-pB12,3.85,1404,0,2336,-1.1,molecules1
molecules1,200723_Smp_IL1DMB5um_2,CN-pB12,6.25,608,0,2138,-0.2,molecules1
molecules1,200723_Smp_IL1DMB5um_3,CN-pB12,1.51,23200,0,55299,-7.5,molecules1
molecules1,200723_Smp_IL1DMBnoBT_1,CN-pB12,6.65,238,0,627,-6.9,molecules1
molecules1,200723_Smp_IL1DMBnoBT_2,CN-pB12,4.22,301,0,624,11.7,molecules1
molecules1,200723_Smp_IL1DMBnoBT5um_1,CN-pB12,4.15,1393,0,3442,4.3,molecules1
molecules1,200723_Smp_IL1DMBnoBT5um_2,CN-pB12,4.83,1762,0,3749,-1.8,molecules1
molecules1,200723_Smp_IL1DMBnoBT5um_3,CN-pB12,4.23,1060,0,1964,-3.3,molecules1
molecules1,200723_Smp_IL1DSW_1,CN-pB12,1.51,627,0,2014,-13.8,molecules1
molecules1,200723_Smp_IL1DSW_2,CN-pB12,5.31,306,0,1146,1.8,molecules1
molecules1,200723_Smp_IL1DSW_3,CN-pB12,1.51,1245,0,3835,-10.9,molecules1
molecules1,200723_Smp_IL1DSW5um_1,CN-pB12,4.83,7376,0,5852,-5,molecules1
molecules1,200723_Smp_IL1DSW5um_2,CN-pB12,4.49,513,0,1073,-6.4,molecules1
molecules1,200723_Smp_IL1DSW5um_3,CN-pB12,4.22,1328,0,2588,-0.9,molecules1
molecules1,200723_Smp_IL1noBT_1,CN-pB12,5.59,216,0,699,3,molecules1
molecules1,200723_Smp_IL1noBT_2,CN-pB12,5.3,541,0,1706,1.8,molecules1
molecules1,200723_Smp_IL1noBT_3,CN-pB12,4.39,912,0,1890,4.4,molecules1
molecules1,200723_Smp_IL1noBT5um_1,CN-pB12,4.82,12971,0,6867,-4.5,molecules1
molecules1,200723_Smp_IL1noBT5um_2,CN-pB12,4.84,5294,0,4832,-3.5,molecules1
molecules1,200723_Smp_IL1noBT5um_3,CN-pB12,4.37,984,0,1095,6.8,molecules1
molecules1,200723_Smp_IL1WBT_1,CN-pB12,4.39,425,0,833,11,molecules1
molecules1,200723_Smp_IL1WBT_2,CN-pB12,7.11,179,0,709,2.5,molecules1
molecules1,200723_Smp_IL1WBT_3,CN-pB12,4.34,1077,0,984,13.3,molecules1
molecules1,200723_Smp_IL1WBT5um_1,CN-pB12,4.84,8816,0,4273,-7.2,molecules1
molecules1,200723_Smp_IL1WBT5um_1_2nd-Inj_35uL,CN-pB12,4.84,7794,0,4505,-4.9,molecules1
molecules1,200723_Smp_IL1WBT5um_2,CN-pB12,6.43,641,0,1798,2.8,molecules1
molecules1,200723_Smp_IL1WBT5um_3,CN-pB12,4.33,1587,0,1063,13.8,molecules1
molecules1,200723_Smp_IL1T0_1,CN-pB12,5.5,434,0,1427,-1.6,molecules1
molecules1,200723_Smp_IL1T0_2,CN-pB12,4.63,1250,0,2762,-0.6,molecules1
molecules1,200723_Smp_IL1T0_3,CN-pB12,1.51,7015,0,21650,-6.9,molecules1
molecules1,200723_Smp_IL1T05um_1,CN-pB12,7.37,550,0,1527,-1.4,molecules1
molecules1,200723_Smp_IL1T05um_2,CN-pB12,#N/A,#N/A,#N/A,#N/A,#N/A,molecules1
molecules1,200723_Smp_IL1T05um_3,CN-pB12,1.51,4059,0,11523,-10,molecules1
molecules1,200723_Smp_IL2Control_1,CN-pB12,4.36,1058,0,1957,4.9,molecules1
molecules1,200723_Smp_IL2Control_2,CN-pB12,5.37,572,0,2589,6.6,molecules1
molecules1,200723_Smp_IL2Control_3,CN-pB12,4.02,404,0,645,7,molecules1
molecules1,200723_Smp_IL2Control5um_1,CN-pB12,4.51,1138,0,1823,5.1,molecules1
molecules1,200723_Smp_IL2Control5um_2,CN-pB12,6.32,333,0,851,6.9,molecules1
molecules1,200723_Smp_IL2Control5um_3,CN-pB12,5.19,549,0,1416,5,molecules1
molecules1,200723_Smp_IL2DMB_1,CN-pB12,4.75,737,0,1512,6,molecules1
molecules1,200723_Smp_IL2DMB_2,CN-pB12,4.66,395,0,844,5.4,molecules1
molecules1,200723_Smp_IL2DMB_3,CN-pB12,7.05,203,0,499,-6.8,molecules1
molecules1,200723_Smp_IL2DMB5um_1,CN-pB12,4.87,14009,0,8996,-5,molecules1
molecules1,200723_Smp_IL2DMB5um_2,CN-pB12,5.58,375,0,884,7.5,molecules1
molecules1,200723_Smp_IL2DMB5um_3,CN-pB12,4.85,6237,0,3694,-4.5,molecules1
molecules1,200723_Smp_IL2DMBnoBT_1,CN-pB12,4.32,714,0,1532,9.4,molecules1
molecules1,200723_Smp_IL2DMBnoBT_2,CN-pB12,4.89,870,0,1588,6.1,molecules1
molecules1,200723_Smp_IL2DMBnoBT_3,CN-pB12,4.33,648,0,1327,8.5,molecules1
molecules1,200723_Smp_IL2DMBnoBT5um_1,CN-pB12,4.94,1162,0,2247,-9.1,molecules1
molecules1,200723_Smp_IL2DMBnoBT5um_2,CN-pB12,3.88,737,0,1701,3.7,molecules1
molecules1,200723_Smp_IL2DMBnoBT5um_3,CN-pB12,4.84,18344,0,9631,-5.3,molecules1
molecules1,200723_Smp_IL2DSW_1,CN-pB12,2.7,1153,0,2771,3.6,molecules1
molecules1,200723_Smp_IL2DSW_2,CN-pB12,4.75,1115,0,2717,3.5,molecules1
molecules1,200723_Smp_IL2DSW_3,CN-pB12,4.21,127,0,265,-5.2,molecules1
molecules1,200723_Smp_IL2DSW5um_1,CN-pB12,4.86,14338,0,7062,-4.9,molecules1
molecules1,200723_Smp_IL2DSW5um_2,CN-pB12,4.5,1516,0,2667,4.5,molecules1
molecules1,200723_Smp_IL2DSW5um_3,CN-pB12,5.87,430,0,1631,11.5,molecules1
molecules1,200723_Smp_IL2noBT_1,CN-pB12,5.41,552,0,1489,0.6,molecules1
molecules1,200723_Smp_IL2noBT_2,CN-pB12,3.39,1192,0,2553,1.6,molecules1
molecules1,200723_Smp_IL2noBT_3,CN-pB12,5.4,173,0,614,-10.4,molecules1
molecules1,200723_Smp_IL2noBT5um_1,CN-pB12,4.86,5206,0,4671,-3.2,molecules1
molecules1,200723_Smp_IL2noBT5um_2,CN-pB12,4.86,8492,0,4699,-6.1,molecules1
molecules1,200723_Smp_IL2noBT5um_3,CN-pB12,4.85,7420,0,6312,-4.7,molecules1
molecules1,200723_Smp_IL2WBT_1,CN-pB12,4.11,1115,0,1852,4.1,molecules1
molecules1,200723_Smp_IL2WBT_2,CN-pB12,4.37,1300,0,1376,5.3,molecules1
molecules1,200723_Smp_IL2WBT_3,CN-pB12,4.36,825,0,1031,14.2,molecules1
molecules1,200723_Smp_IL2WBT5um_1,CN-pB12,4.35,2474,0,1784,16.9,molecules1
molecules1,200723_Smp_IL2WBT5um_2,CN-pB12,4.36,1726,0,1299,15.2,molecules1
molecules1,200723_Smp_IL2WBT5um_3,CN-pB12,4.39,3507,0,2520,12.1,molecules1
molecules1,200723_Smp_IL2T0_1,CN-pB12,5.32,404,0,1199,4.9,molecules1
molecules1,200723_Smp_IL2T0_2,CN-pB12,4.54,901,0,2150,6.1,molecules1
molecules1,200723_Smp_IL2T0_3,CN-pB12,4.47,1110,0,1962,4.9,molecules1
molecules1,200723_Smp_IL2T05um_1,CN-pB12,5.4,433,0,1351,4.7,molecules1
molecules1,200723_Smp_IL2T05um_2,CN-pB12,5.86,521,0,1518,2.3,molecules1
molecules1,200723_Smp_IL2T05um_3,CN-pB12,3.39,129,0,283,6,molecules1
